Date,Low,Open,Volume,High,Close,Adjusted Close
12-09-2018,5.349999905,6,66849000,6.929999828,6.599999905,6.599999905
13-09-2018,6.519999981,6.619999886,158346500,12.68999958,11.60000038,11.60000038
14-09-2018,9.220000267,12.65999985,172473600,13.80000019,9.899999619,9.899999619
17-09-2018,8.5,9.609999657,56323900,9.75,8.5,8.5
18-09-2018,7.670000076,8.729999542,41827600,9.100000381,7.679999828,7.679999828
19-09-2018,7.539999962,7.880000114,48306500,9.149999619,8.5,8.5
20-09-2018,8.420000076,9.069999695,40275000,9.470000267,8.779999733,8.779999733
21-09-2018,8.5,9.050000191,15118500,9.069999695,8.590000153,8.590000153
24-09-2018,7.849999905,8.319999695,16297900,8.390000343,7.869999886,7.869999886
25-09-2018,7.5,8.06000042,18909300,8.18999958,7.579999924,7.579999924
26-09-2018,7.5,7.590000153,11088300,7.760000229,7.5,7.5
27-09-2018,7.010000229,7.550000191,16815600,7.550000191,7.010000229,7.010000229
28-09-2018,6.679999828,6.96999979,21813600,7.28000021,6.980000019,6.980000019
01-10-2018,6.599999905,7.059999943,16429100,7.079999924,6.599999905,6.599999905
02-10-2018,5.869999886,6.599999905,19440000,6.599999905,5.929999828,5.929999828
03-10-2018,6.119999886,6.119999886,13251200,6.550000191,6.300000191,6.300000191
04-10-2018,6,6.190000057,11896600,6.25,6.25,6.25
05-10-2018,6.03000021,6.199999809,8378300,6.289999962,6.260000229,6.260000229
08-10-2018,5.949999809,6.070000172,11508800,6.179999828,6.039999962,6.039999962
09-10-2018,6.099999905,6.190000057,38464400,7.400000095,7.389999866,7.389999866
10-10-2018,7.389999866,8.100000381,74971100,8.350000381,7.75,7.75
11-10-2018,6.920000076,7.440000057,22730000,7.550000191,7.179999828,7.179999828
12-10-2018,7.28000021,7.460000038,14545400,7.75,7.460000038,7.460000038
15-10-2018,7.699999809,7.860000134,26781700,8.300000191,7.820000172,7.820000172
16-10-2018,7.829999924,8.06000042,17490500,8.199999809,8.039999962,8.039999962
17-10-2018,7.730000019,8.119999886,11705300,8.159999847,7.769999981,7.769999981
18-10-2018,7.260000229,7.599999905,11906000,7.670000076,7.5,7.5
19-10-2018,7.21999979,7.590000153,7336200,7.75,7.320000172,7.320000172
22-10-2018,7,7.679999828,12758500,7.690000057,7.03000021,7.03000021
23-10-2018,6.449999809,6.739999771,14901700,6.889999866,6.809999943,6.809999943
24-10-2018,6.130000114,6.849999905,14789900,6.849999905,6.170000076,6.170000076
25-10-2018,6.25,6.269999981,9188700,6.570000172,6.449999809,6.449999809
26-10-2018,6.179999828,6.210000038,9459000,6.510000229,6.349999905,6.349999905
29-10-2018,6.050000191,6.53000021,16027600,6.789999962,6.190000057,6.190000057
30-10-2018,5.619999886,6.199999809,21823900,6.21999979,5.949999809,5.949999809
31-10-2018,5.900000095,6.079999924,15213400,6.25,5.900000095,5.900000095
01-11-2018,5.960000038,6,24330900,6.78000021,6.619999886,6.619999886
02-11-2018,6.269999981,6.840000153,17988800,6.840000153,6.489999771,6.489999771
05-11-2018,6.25,6.519999981,13188700,6.71999979,6.679999828,6.679999828
06-11-2018,6.400000095,7.21999979,49855800,7.320000172,6.400000095,6.400000095
07-11-2018,6.150000095,6.420000076,23761800,6.880000114,6.739999771,6.739999771
08-11-2018,6.46999979,6.489999771,20510700,7.099999905,6.690000057,6.690000057
09-11-2018,6.519999981,6.590000153,12789800,6.929999828,6.769999981,6.769999981
12-11-2018,6.559999943,6.71999979,12709100,6.929999828,6.650000095,6.650000095
13-11-2018,6.579999924,6.690000057,15374100,6.900000095,6.78000021,6.78000021
14-11-2018,6.800000191,6.800000191,29585100,7.449999809,7.099999905,7.099999905
15-11-2018,7.110000134,7.150000095,17904000,7.489999771,7.340000153,7.340000153
16-11-2018,7.159999847,7.400000095,14972500,7.650000095,7.190000057,7.190000057
19-11-2018,7.28000021,7.380000114,49171800,8.210000038,7.840000153,7.840000153
20-11-2018,7.150000095,7.650000095,26923200,7.909999847,7.670000076,7.670000076
21-11-2018,7.630000114,7.900000095,13993600,8.050000191,7.710000038,7.710000038
23-11-2018,7.409999847,7.679999828,8119700,7.699999809,7.460000038,7.460000038
26-11-2018,7.159999847,7.610000134,12164900,7.630000114,7.369999886,7.369999886
27-11-2018,7.230000019,7.300000191,9084900,7.699999809,7.480000019,7.480000019
28-11-2018,7.599999905,7.599999905,22096900,8.149999619,8.119999886,8.119999886
29-11-2018,7.760000229,8.06000042,13207600,8.119999886,7.789999962,7.789999962
30-11-2018,7.679999828,7.800000191,10994700,8,7.710000038,7.710000038
03-12-2018,7.5,8.100000381,22425400,8.130000114,7.579999924,7.579999924
04-12-2018,7.050000191,7.599999905,19624700,7.639999866,7.079999924,7.079999924
06-12-2018,6.71999979,6.860000134,16688100,7.369999886,7.369999886,7.369999886
07-12-2018,6.960000038,7.360000134,11576200,7.380000114,6.989999771,6.989999771
10-12-2018,6.739999771,7.03000021,9981000,7.119999886,7.03000021,7.03000021
11-12-2018,6.920000076,7.079999924,8095700,7.199999809,7.079999924,7.079999924
12-12-2018,7.119999886,7.199999809,16007500,7.550000191,7.539999962,7.539999962
13-12-2018,7.260000229,7.550000191,14980900,7.900000095,7.75,7.75
14-12-2018,7.400000095,7.53000021,10773600,7.889999866,7.699999809,7.699999809
17-12-2018,6.960000038,7.630000114,18132800,7.639999866,7.03000021,7.03000021
18-12-2018,6.840000153,7.03000021,10685800,7.190000057,7.070000172,7.070000172
19-12-2018,6.800000191,7.010000229,9299700,7.150000095,6.829999924,6.829999924
20-12-2018,6.329999924,6.820000172,12080000,6.920000076,6.519999981,6.519999981
21-12-2018,6.059999943,6.53000021,13598300,6.650000095,6.070000172,6.070000172
24-12-2018,5.840000153,6,8835800,6.119999886,5.920000076,5.920000076
26-12-2018,5.960000038,6.110000134,9912300,6.369999886,6.360000134,6.360000134
27-12-2018,6.03000021,6.170000076,8531900,6.449999809,6.429999828,6.429999828
28-12-2018,6.300000191,6.5,7996500,6.559999943,6.46999979,6.46999979
31-12-2018,6.210000038,6.559999943,8667400,6.570000172,6.369999886,6.369999886
02-01-2019,6,6.130000114,8823600,6.239999771,6.199999809,6.199999809
03-01-2019,6.019999981,6.099999905,7562900,6.150000095,6.050000191,6.050000191
04-01-2019,6.130000114,6.190000057,9405600,6.400000095,6.360000134,6.360000134
07-01-2019,6.309999943,6.409999847,9709000,6.590000153,6.5,6.5
08-01-2019,6.170000076,6.570000172,9603800,6.579999924,6.400000095,6.400000095
09-01-2019,6.349999905,6.409999847,11489900,6.690000057,6.630000114,6.630000114
10-01-2019,6.409999847,6.630000114,11221100,6.730000019,6.659999847,6.659999847
11-01-2019,6.480000019,6.5,6902300,6.619999886,6.590000153,6.590000153
14-01-2019,6.369999886,6.510000229,19454100,7.150000095,6.800000191,6.800000191
15-01-2019,6.75,6.849999905,12633000,7.070000172,6.820000172,6.820000172
16-01-2019,6.679999828,6.800000191,6941200,6.900000095,6.710000038,6.710000038
17-01-2019,6.53000021,6.699999809,8508900,6.880000114,6.809999943,6.809999943
18-01-2019,6.679999828,6.889999866,9240900,6.909999847,6.710000038,6.710000038
22-01-2019,6.510000229,6.630000114,6379600,6.670000076,6.570000172,6.570000172
23-01-2019,6.46999979,6.630000114,5686000,6.789999962,6.550000191,6.550000191
24-01-2019,6.46999979,6.46999979,5920000,6.75,6.579999924,6.579999924
25-01-2019,6.599999905,6.650000095,6723600,6.78000021,6.650000095,6.650000095
28-01-2019,6.480000019,6.559999943,5111000,6.679999828,6.670000076,6.670000076
29-01-2019,6.639999866,6.679999828,14200100,6.96999979,6.940000057,6.940000057
30-01-2019,6.920000076,6.940000057,28775000,7.550000191,7.460000038,7.460000038
31-01-2019,7.400000095,7.400000095,21233900,7.889999866,7.880000114,7.880000114
01-02-2019,7.679999828,7.849999905,20788800,8.109999657,7.900000095,7.900000095
04-02-2019,7.739999771,7.960000038,8585300,7.980000019,7.849999905,7.849999905
05-02-2019,7.610000134,7.710000038,9029900,7.960000038,7.880000114,7.880000114
06-02-2019,7.829999924,7.949999809,33404700,8.590000153,8.399999619,8.399999619
07-02-2019,7.800000191,8.279999733,23198200,8.369999886,8.039999962,8.039999962
08-02-2019,7.28000021,8,21709300,8,7.670000076,7.670000076
11-02-2019,7.380000114,7.670000076,9750700,7.769999981,7.460000038,7.460000038
12-02-2019,7.139999866,7.349999905,13264100,7.570000172,7.440000057,7.440000057
13-02-2019,7.389999866,7.519999981,10867800,7.679999828,7.489999771,7.489999771
14-02-2019,7.420000076,7.699999809,14728300,7.78000021,7.480000019,7.480000019
15-02-2019,7.260000229,7.550000191,15620200,7.639999866,7.409999847,7.409999847
19-02-2019,7.210000038,7.400000095,9974700,7.429999828,7.260000229,7.260000229
20-02-2019,7.260000229,7.260000229,21495700,7.769999981,7.619999886,7.619999886
21-02-2019,7.429999828,7.699999809,8060100,7.730000019,7.639999866,7.639999866
22-02-2019,7.75,7.920000076,26600400,8.220000267,8.170000076,8.170000076
25-02-2019,8.600000381,9.039999962,52424200,9.090000153,9,9
26-02-2019,8.819999695,9.159999847,106022600,10.64000034,9.789999962,9.789999962
27-02-2019,9.329999924,10.14999962,53234300,10.25,9.850000381,9.850000381
28-02-2019,9.460000038,9.850000381,26506000,9.930000305,9.569999695,9.569999695
01-03-2019,9.729999542,9.819999695,32409400,10.19999981,10.06000042,10.06000042
04-03-2019,9.149999619,10.31999969,43753300,10.36999989,9.779999733,9.779999733
05-03-2019,9.699999809,9.800000191,53680800,10.63000011,10.15999985,10.15999985
06-03-2019,8,8.260000229,73522700,8.720000267,8.010000229,8.010000229
07-03-2019,7,7.809999943,52469600,7.949999809,7.090000153,7.090000153
08-03-2019,6.849999905,7.019999981,32040600,7.199999809,7.059999943,7.059999943
11-03-2019,6.550000191,6.949999809,62544500,6.980000019,6.590000153,6.590000153
12-03-2019,6.369999886,6.619999886,41616000,6.639999866,6.389999866,6.389999866
13-03-2019,6.239999771,6.320000172,41727200,6.769999981,6.53000021,6.53000021
14-03-2019,6,6.630000114,58983400,6.639999866,6.03000021,6.03000021
15-03-2019,5.710000038,6.119999886,85777000,6.130000114,5.710000038,5.710000038
18-03-2019,5.440000057,5.690000057,76506100,5.949999809,5.75,5.75
19-03-2019,5.730000019,5.75,54509200,6.03000021,5.960000038,5.960000038
20-03-2019,5.710000038,6.019999981,39053700,6.03000021,5.849999905,5.849999905
21-03-2019,5.739999771,5.75,21368900,5.949999809,5.840000153,5.840000153
22-03-2019,5.599999905,5.800000191,24956500,5.869999886,5.619999886,5.619999886
25-03-2019,5.269999981,5.619999886,38993300,5.659999847,5.349999905,5.349999905
26-03-2019,4.900000095,5.199999809,67206300,5.21999979,4.960000038,4.960000038
27-03-2019,4.960000038,5.010000229,39753400,5.190000057,4.980000019,4.980000019
28-03-2019,4.929999828,5.039999962,29281400,5.170000076,5.010000229,5.010000229
29-03-2019,5.03000021,5.059999943,23595900,5.130000114,5.099999905,5.099999905
01-04-2019,5.139999866,5.289999962,32404600,5.400000095,5.210000038,5.210000038
02-04-2019,5.349999905,5.429999828,55814800,5.610000134,5.389999866,5.389999866
03-04-2019,5.230000019,5.550000191,35197400,5.579999924,5.309999943,5.309999943
04-04-2019,5.269999981,5.389999866,31696600,5.5,5.349999905,5.349999905
05-04-2019,5.309999943,5.369999886,18093400,5.400000095,5.360000134,5.360000134
08-04-2019,5.25,5.329999924,17349800,5.380000114,5.300000191,5.300000191
09-04-2019,5.059999943,5.28000021,32590100,5.28000021,5.079999924,5.079999924
10-04-2019,4.960000038,5.059999943,25958700,5.110000134,5.050000191,5.050000191
11-04-2019,4.96999979,5,17642600,5.090000153,5.010000229,5.010000229
12-04-2019,4.949999809,5.03000021,15561300,5.059999943,4.989999771,4.989999771
15-04-2019,4.71999979,4.989999771,27489100,5,4.75,4.75
16-04-2019,4.429999828,4.800000191,46354500,4.809999943,4.449999809,4.449999809
17-04-2019,4.510000229,4.610000134,30546400,4.71999979,4.590000153,4.590000153
18-04-2019,4.440000057,4.53000021,31206500,4.920000076,4.789999962,4.789999962
22-04-2019,4.619999886,4.739999771,12936700,4.809999943,4.78000021,4.78000021
23-04-2019,4.730000019,4.820000172,15107000,4.920000076,4.829999924,4.829999924
24-04-2019,4.75,4.789999962,20401300,5.010000229,5,5
25-04-2019,4.849999905,5.010000229,21552800,5.150000095,4.900000095,4.900000095
26-04-2019,4.769999981,4.849999905,11891300,4.929999828,4.920000076,4.920000076
29-04-2019,4.869999886,4.889999866,15202800,5.050000191,4.980000019,4.980000019
30-04-2019,4.800000191,4.980000019,14434600,5.079999924,4.849999905,4.849999905
01-05-2019,4.679999828,4.840000153,13308300,4.849999905,4.679999828,4.679999828
02-05-2019,4.570000172,4.739999771,14080400,4.75,4.71999979,4.71999979
03-05-2019,4.730000019,4.730000019,25245500,5.110000134,5.019999981,5.019999981
06-05-2019,4.690000057,4.71999979,16144400,4.880000114,4.880000114,4.880000114
07-05-2019,4.760000229,4.809999943,11545700,4.920000076,4.840000153,4.840000153
08-05-2019,4.559999943,4.789999962,20456900,4.809999943,4.570000172,4.570000172
09-05-2019,4.510000229,4.539999962,15759700,4.699999809,4.599999905,4.599999905
10-05-2019,4.510000229,4.599999905,17146500,4.659999847,4.559999943,4.559999943
13-05-2019,4.300000191,4.5,21804500,4.5,4.329999924,4.329999924
14-05-2019,4.409999847,4.46999979,27925700,4.670000076,4.670000076,4.670000076
15-05-2019,4.53000021,4.590000153,14669000,4.75,4.710000038,4.710000038
16-05-2019,4.610000134,4.650000095,16198000,4.849999905,4.659999847,4.659999847
17-05-2019,4.420000076,4.579999924,19775700,4.699999809,4.420000076,4.420000076
20-05-2019,4.110000134,4.380000114,23571700,4.400000095,4.25,4.25
21-05-2019,4.25,4.349999905,23435300,4.449999809,4.289999962,4.289999962
22-05-2019,4,4.25,35451300,4.300000191,4.050000191,4.050000191
23-05-2019,3.829999924,3.960000038,27855500,4.03000021,3.930000067,3.930000067
24-05-2019,3.809999943,3.980000019,26069400,4.050000191,3.859999895,3.859999895
28-05-2019,3.880000114,4.119999886,114474400,4.139999866,4,4
29-05-2019,3.599999905,3.890000105,41690400,3.900000095,3.609999895,3.609999895
30-05-2019,3.109999895,3.549999952,55942200,3.549999952,3.24000001,3.24000001
31-05-2019,3,3.069999933,39383300,3.150000095,3.049999952,3.049999952
03-06-2019,2.74000001,2.980000019,51793000,3.059999943,2.960000038,2.960000038
04-06-2019,2.970000029,3,30924000,3.109999895,3.039999962,3.039999962
05-06-2019,2.75999999,3.069999933,38179100,3.089999914,2.829999924,2.829999924
06-06-2019,2.539999962,2.900000095,54094300,2.900000095,2.650000095,2.650000095
07-06-2019,2.549999952,2.640000105,31397900,2.809999943,2.75999999,2.75999999
10-06-2019,2.589999914,2.75,35989100,2.819999933,2.630000114,2.630000114
11-06-2019,2.549999952,2.670000076,33070100,2.670000076,2.609999895,2.609999895
12-06-2019,2.5,2.619999886,30099500,2.619999886,2.549999952,2.549999952
13-06-2019,2.5,2.549999952,21962600,2.619999886,2.519999981,2.519999981
14-06-2019,2.349999905,2.440000057,27065700,2.450000048,2.420000076,2.420000076
17-06-2019,2.349999905,2.390000105,20830100,2.529999971,2.460000038,2.460000038
18-06-2019,2.450000048,2.519999981,50080800,2.710000038,2.529999971,2.529999971
19-06-2019,2.559999943,2.670000076,43761900,2.839999914,2.74000001,2.74000001
20-06-2019,2.799999952,2.869999886,55697200,3.049999952,2.829999924,2.829999924
21-06-2019,2.569999933,2.880000114,49602400,2.900000095,2.640000105,2.640000105
24-06-2019,2.50999999,2.609999895,22693900,2.690000057,2.640000105,2.640000105
25-06-2019,2.549999952,2.640000105,16273100,2.660000086,2.599999905,2.599999905
26-06-2019,2.539999962,2.640000105,20679300,2.730000019,2.549999952,2.549999952
27-06-2019,2.440000057,2.50999999,27685600,2.619999886,2.599999905,2.599999905
28-06-2019,2.50999999,2.599999905,17640300,2.630000114,2.549999952,2.549999952
01-07-2019,2.579999924,2.670000076,19462800,2.680000067,2.599999905,2.599999905
02-07-2019,2.569999933,2.599999905,35317300,2.849999905,2.819999933,2.819999933
03-07-2019,2.900000095,2.930000067,75342400,3.289999962,3.130000114,3.130000114
05-07-2019,3.150000095,3.309999943,35914600,3.339999914,3.25999999,3.25999999
08-07-2019,3.130000114,3.210000038,40424000,3.5,3.49000001,3.49000001
09-07-2019,3.420000076,3.579999924,87406100,3.900000095,3.690000057,3.690000057
10-07-2019,3.599999905,3.950000048,85126100,4,3.680000067,3.680000067
11-07-2019,3.319999933,3.640000105,57070300,3.680000067,3.420000076,3.420000076
12-07-2019,3.319999933,3.339999914,39432200,3.640000105,3.450000048,3.450000048
15-07-2019,3.339999914,3.49000001,19833100,3.519999981,3.390000105,3.390000105
16-07-2019,3.25999999,3.400000095,25764600,3.450000048,3.299999952,3.299999952
17-07-2019,3.25,3.279999971,26705000,3.519999981,3.440000057,3.440000057
18-07-2019,3.309999943,3.470000029,17544400,3.5,3.430000067,3.430000067
19-07-2019,3.359999895,3.430000067,13784300,3.480000019,3.369999886,3.369999886
22-07-2019,3.309999943,3.380000114,12376900,3.450000048,3.380000114,3.380000114
23-07-2019,3.369999886,3.430000067,12462000,3.49000001,3.460000038,3.460000038
24-07-2019,3.440000057,3.450000048,38844800,3.75,3.670000076,3.670000076
25-07-2019,3.5,3.680000067,26513300,3.720000029,3.5,3.5
26-07-2019,3.5,3.559999943,15606300,3.619999886,3.50999999,3.50999999
29-07-2019,3.319999933,3.549999952,25890700,3.579999924,3.460000038,3.460000038
30-07-2019,3.349999905,3.430000067,14127900,3.440000057,3.380000114,3.380000114
31-07-2019,3.359999895,3.380000114,19917200,3.529999971,3.470000029,3.470000029
01-08-2019,3.200000048,3.450000048,28758400,3.50999999,3.279999971,3.279999971
02-08-2019,3.160000086,3.210000038,17211300,3.329999924,3.269999981,3.269999981
05-08-2019,2.849999905,3.140000105,38736200,3.140000105,2.950000048,2.950000048
06-08-2019,3,3.089999914,23455700,3.140000105,3.079999924,3.079999924
07-08-2019,2.930000067,3.039999962,18090400,3.089999914,3.089999914,3.089999914
08-08-2019,3.109999895,3.130000114,20999800,3.25999999,3.170000076,3.170000076
09-08-2019,3.099999905,3.099999905,10610000,3.180000067,3.130000114,3.130000114
12-08-2019,2.960000038,3.049999952,13991200,3.109999895,3.049999952,3.049999952
13-08-2019,3,3,18541900,3.200000048,3.150000095,3.150000095
14-08-2019,2.880000114,3.079999924,28205900,3.079999924,2.900000095,2.900000095
15-08-2019,2.769999981,2.99000001,15736000,2.99000001,2.819999933,2.819999933
16-08-2019,2.859999895,2.890000105,15884200,3.00999999,2.950000048,2.950000048
19-08-2019,3,3,13657100,3.099999905,3,3
20-08-2019,3,3.059999943,16688200,3.210000038,3.160000086,3.160000086
21-08-2019,3.019999981,3.230000019,21513600,3.269999981,3.049999952,3.049999952
22-08-2019,3.00999999,3.059999943,12404300,3.089999914,3.019999981,3.019999981
23-08-2019,2.890000105,2.970000029,13584500,3.039999962,2.920000076,2.920000076
26-08-2019,2.829999924,2.950000048,14119000,2.950000048,2.900000095,2.900000095
27-08-2019,2.829999924,2.920000076,20392000,3,2.910000086,2.910000086
28-08-2019,2.829999924,2.900000095,10478000,2.920000076,2.839999914,2.839999914
29-08-2019,2.849999905,2.910000086,12325800,2.930000067,2.849999905,2.849999905
30-08-2019,2.839999914,2.900000095,8155400,2.910000086,2.859999895,2.859999895
03-09-2019,2.579999924,2.819999933,26854400,2.829999924,2.599999905,2.599999905
04-09-2019,2.640000105,2.700000048,15177900,2.75,2.75,2.75
05-09-2019,2.799999952,2.809999943,23244700,3,2.950000048,2.950000048
06-09-2019,2.869999886,2.99000001,14509300,3,2.980000019,2.980000019
09-09-2019,2.930000067,3,17386300,3.140000105,3.140000105,3.140000105
10-09-2019,3.069999933,3.130000114,20848800,3.329999924,3.319999933,3.319999933
11-09-2019,3.160000086,3.279999971,13619900,3.329999924,3.269999981,3.269999981
12-09-2019,3.099999905,3.24000001,10957800,3.269999981,3.190000057,3.190000057
13-09-2019,3.150000095,3.220000029,8371700,3.269999981,3.210000038,3.210000038
16-09-2019,3.089999914,3.150000095,12374900,3.210000038,3.119999886,3.119999886
17-09-2019,3,3.109999895,12905800,3.180000067,3.180000067,3.180000067
18-09-2019,3.029999971,3.210000038,12519200,3.210000038,3.079999924,3.079999924
19-09-2019,3.079999924,3.119999886,8733200,3.160000086,3.099999905,3.099999905
20-09-2019,3.019999981,3.140000105,11999300,3.160000086,3.039999962,3.039999962
23-09-2019,2.710000038,2.980000019,40356100,2.980000019,2.720000029,2.720000029
24-09-2019,1.970000029,2.220000029,122194400,2.24000001,2.170000076,2.170000076
25-09-2019,2.019999981,2.150000095,38938700,2.150000095,2.049999952,2.049999952
26-09-2019,1.899999976,2.049999952,50967800,2.059999943,1.960000038,1.960000038
27-09-2019,1.710000038,1.940000057,59824600,2,1.75,1.75
30-09-2019,1.529999971,1.720000029,58815600,1.730000019,1.559999943,1.559999943
01-10-2019,1.220000029,1.50999999,88123600,1.50999999,1.320000052,1.320000052
02-10-2019,1.190000057,1.190000057,98992700,1.649999976,1.590000033,1.590000033
03-10-2019,1.429999948,1.590000033,58630100,1.700000048,1.639999986,1.639999986
04-10-2019,1.559999943,1.600000024,25240300,1.690000057,1.620000005,1.620000005
07-10-2019,1.450000048,1.580000043,26893500,1.590000033,1.549999952,1.549999952
08-10-2019,1.659999967,1.730000019,47085000,1.799999952,1.700000048,1.700000048
09-10-2019,1.580000043,1.75,35848200,1.75999999,1.639999986,1.639999986
10-10-2019,1.5,1.639999986,33950800,1.639999986,1.529999971,1.529999971
11-10-2019,1.5,1.549999952,25648800,1.590000033,1.559999943,1.559999943
14-10-2019,1.519999981,1.559999943,12534600,1.570000052,1.529999971,1.529999971
15-10-2019,1.539999962,1.629999995,25901200,1.639999986,1.549999952,1.549999952
16-10-2019,1.399999976,1.460000038,40687000,1.519999981,1.460000038,1.460000038
17-10-2019,1.419999957,1.460000038,18373300,1.5,1.460000038,1.460000038
18-10-2019,1.440000057,1.450000048,21393400,1.549999952,1.519999981,1.519999981
21-10-2019,1.49000001,1.519999981,40155200,1.769999981,1.690000057,1.690000057
22-10-2019,1.519999981,1.700000048,38944000,1.769999981,1.580000043,1.580000043
23-10-2019,1.519999981,1.580000043,12246400,1.600000024,1.529999971,1.529999971
24-10-2019,1.529999971,1.570000052,21567700,1.600000024,1.539999962,1.539999962
25-10-2019,1.5,1.539999962,20444900,1.559999943,1.50999999,1.50999999
28-10-2019,1.379999995,1.429999948,32675500,1.5,1.480000019,1.480000019
29-10-2019,1.389999986,1.450000048,22312000,1.450000048,1.389999986,1.389999986
30-10-2019,1.360000014,1.419999957,20769100,1.450000048,1.429999948,1.429999948
31-10-2019,1.440000057,1.470000029,22381000,1.539999962,1.450000048,1.450000048
01-11-2019,1.49000001,1.49000001,17957200,1.549999952,1.519999981,1.519999981
04-11-2019,1.580000043,1.649999976,61083000,1.899999976,1.710000038,1.710000038
05-11-2019,1.799999952,1.879999995,183556700,2.380000114,2.339999914,2.339999914
06-11-2019,1.960000038,2.460000038,113933700,2.460000038,2.029999971,2.029999971
07-11-2019,2.049999952,2.109999895,39411800,2.200000048,2.069999933,2.069999933
08-11-2019,1.940000057,2.130000114,38341600,2.130000114,1.980000019,1.980000019
11-11-2019,1.779999971,1.899999976,34228400,1.960000038,1.860000014,1.860000014
12-11-2019,1.830000043,1.899999976,27818000,2.049999952,1.940000057,1.940000057
13-11-2019,1.850000024,1.899999976,24969400,1.99000001,1.899999976,1.899999976
14-11-2019,1.659999967,1.860000014,46683200,1.889999986,1.75,1.75
15-11-2019,1.659999967,1.75,32003800,1.840000033,1.799999952,1.799999952
18-11-2019,1.730000019,1.879999995,25996000,1.899999976,1.799999952,1.799999952
19-11-2019,1.779999971,1.779999971,26780800,1.889999986,1.830000043,1.830000043
20-11-2019,1.769999981,1.850000024,20728500,1.870000005,1.840000033,1.840000033
21-11-2019,1.820000052,1.870000005,41394200,2.039999962,1.980000019,1.980000019
22-11-2019,1.879999995,2.039999962,25152300,2.049999952,1.940000057,1.940000057
25-11-2019,1.960000038,1.99000001,36836400,2.119999886,2.049999952,2.049999952
26-11-2019,2.119999886,2.119999886,55122700,2.289999962,2.279999971,2.279999971
27-11-2019,2.279999971,2.319999933,77368600,2.5,2.460000038,2.460000038
29-11-2019,2.200000048,2.359999895,32640300,2.359999895,2.269999981,2.269999981
02-12-2019,2.299999952,2.349999905,32677500,2.440000057,2.440000057,2.440000057
03-12-2019,2.25,2.309999943,37865200,2.480000019,2.400000095,2.400000095
04-12-2019,2.410000086,2.420000076,46792900,2.579999924,2.420000076,2.420000076
05-12-2019,2.25,2.529999971,53235200,2.569999933,2.269999981,2.269999981
06-12-2019,2.200000048,2.319999933,31931900,2.339999914,2.25999999,2.25999999
09-12-2019,2.109999895,2.210000038,31542900,2.25,2.220000029,2.220000029
10-12-2019,2.140000105,2.200000048,25220200,2.279999971,2.269999981,2.269999981
11-12-2019,2.230000019,2.25999999,20342900,2.319999933,2.25999999,2.25999999
12-12-2019,2.25999999,2.299999952,22457900,2.329999924,2.269999981,2.269999981
13-12-2019,2.289999962,2.309999943,37228900,2.430000067,2.390000105,2.390000105
16-12-2019,2.390000105,2.440000057,36916800,2.549999952,2.480000019,2.480000019
17-12-2019,2.5,2.539999962,45654500,2.630000114,2.589999914,2.589999914
18-12-2019,2.539999962,2.579999924,31811100,2.670000076,2.630000114,2.630000114
19-12-2019,2.609999895,2.690000057,36301300,2.730000019,2.619999886,2.619999886
20-12-2019,2.630000114,2.650000095,50971500,2.720000029,2.690000057,2.690000057
23-12-2019,2.650000095,2.74000001,28571900,2.75999999,2.670000076,2.670000076
24-12-2019,2.450000048,2.630000114,32029800,2.630000114,2.529999971,2.529999971
26-12-2019,2.349999905,2.450000048,44173700,2.519999981,2.50999999,2.50999999
27-12-2019,2.410000086,2.539999962,37553300,2.549999952,2.420000076,2.420000076
30-12-2019,2.880000114,2.920000076,432720700,4.869999886,3.720000029,3.720000029
31-12-2019,3.819999933,4.150000095,215008600,4.420000076,4.019999981,4.019999981
02-01-2020,3.609999895,4.099999905,103740100,4.099999905,3.720000029,3.720000029
03-01-2020,3.480000019,3.5,82892400,3.900000095,3.829999924,3.829999924
06-01-2020,3.660000086,4.190000057,106619700,4.239999771,3.680000067,3.680000067
07-01-2020,3.210000038,3.700000048,106336400,3.730000019,3.24000001,3.24000001
08-01-2020,3.130000114,3.140000105,65118100,3.49000001,3.390000105,3.390000105
09-01-2020,3.329999924,3.440000057,54644200,3.579999924,3.460000038,3.460000038
10-01-2020,3.400000095,3.49000001,35626700,3.579999924,3.50999999,3.50999999
13-01-2020,3.519999981,3.710000038,59752700,3.730000019,3.700000048,3.700000048
14-01-2020,3.609999895,3.700000048,55194000,3.819999933,3.75999999,3.75999999
15-01-2020,4,4.190000057,236357900,4.480000019,4.289999962,4.289999962
16-01-2020,3.910000086,3.99000001,97941700,4.400000095,4.369999886,4.369999886
17-01-2020,4.460000038,4.510000229,109601300,4.710000038,4.670000076,4.670000076
21-01-2020,4.519999981,4.599999905,181423600,5.289999962,5.170000076,5.170000076
22-01-2020,4.690000057,5.420000076,207132700,5.650000095,4.789999962,4.789999962
23-01-2020,4.309999943,4.570000172,102535300,4.949999809,4.920000076,4.920000076
24-01-2020,4.510000229,5,65538000,5.059999943,4.659999847,4.659999847
27-01-2020,3.839999914,3.99000001,102028700,4.349999905,4.010000229,4.010000229
28-01-2020,4.03000021,4.25,48979100,4.269999981,4.210000038,4.210000038
29-01-2020,4.019999981,4.230000019,53844300,4.329999924,4.269999981,4.269999981
30-01-2020,4.010000229,4.239999771,75009800,4.380000114,4.079999924,4.079999924
31-01-2020,3.670000076,4.019999981,77923200,4.039999962,3.779999971,3.779999971
03-02-2020,3.519999981,3.539999962,73783600,4.110000134,4.059999943,4.059999943
04-02-2020,4.159999847,4.289999962,123640400,4.699999809,4.510000229,4.510000229
05-02-2020,4.130000114,4.369999886,73632500,4.480000019,4.389999866,4.389999866
06-02-2020,4.050000191,4.199999809,75641200,4.329999924,4.079999924,4.079999924
07-02-2020,3.74000001,4.019999981,80780700,4.019999981,3.809999943,3.809999943
10-02-2020,3.619999886,3.670000076,67157700,3.910000086,3.869999886,3.869999886
11-02-2020,3.799999952,3.829999924,54097100,4.050000191,3.960000038,3.960000038
12-02-2020,3.980000019,4,50975300,4.199999809,4.070000172,4.070000172
13-02-2020,3.859999895,3.950000048,42411200,4.050000191,4.03000021,4.03000021
14-02-2020,3.75,4.019999981,69655600,4.039999962,3.769999981,3.769999981
18-02-2020,3.75999999,3.900000095,47700900,3.980000019,3.799999952,3.799999952
19-02-2020,3.859999895,3.930000067,73256300,4.099999905,4.079999924,4.079999924
20-02-2020,4.010000229,4.099999905,86873500,4.400000095,4.260000229,4.260000229
21-02-2020,4.019999981,4.199999809,40425900,4.199999809,4.079999924,4.079999924
24-02-2020,3.75999999,3.789999962,56247100,3.940000057,3.880000114,3.880000114
25-02-2020,4.239999771,5.179999828,206259400,5.190000057,4.400000095,4.400000095
26-02-2020,4.300000191,4.5,69558500,4.710000038,4.340000153,4.340000153
27-02-2020,3.920000076,4.090000153,77846700,4.300000191,4.139999866,4.139999866
28-02-2020,3.869999886,3.960000038,63635600,4.139999866,4.130000114,4.130000114
02-03-2020,3.900000095,4.150000095,56063200,4.190000057,4.110000134,4.110000134
03-03-2020,3.950000048,4.079999924,47644500,4.210000038,4.059999943,4.059999943
04-03-2020,3.769999981,4.03000021,49465800,4.070000172,3.869999886,3.869999886
05-03-2020,3.680000067,3.779999971,72697800,3.890000105,3.720000029,3.720000029
06-03-2020,3.420000076,3.619999886,61238100,3.660000086,3.549999952,3.549999952
09-03-2020,2.99000001,3.00999999,55305300,3.539999962,3.289999962,3.289999962
10-03-2020,3.289999962,3.49000001,34928400,3.539999962,3.5,3.5
11-03-2020,3.25999999,3.400000095,31099400,3.529999971,3.319999933,3.319999933
12-03-2020,2.980000019,3.059999943,52438300,3.230000019,3.130000114,3.130000114
13-03-2020,2.99000001,3.279999971,41770400,3.329999924,3.109999895,3.109999895
16-03-2020,2.75,2.869999886,41266200,3.109999895,2.940000057,2.940000057
17-03-2020,2.789999962,2.970000029,34862200,3.119999886,2.900000095,2.900000095
18-03-2020,2.109999895,2.400000095,94431900,2.579999924,2.430000067,2.430000067
19-03-2020,2.230000019,2.299999952,35499000,2.549999952,2.380000114,2.380000114
20-03-2020,2.349999905,2.49000001,50528400,2.640000105,2.400000095,2.400000095
23-03-2020,2.150000095,2.339999914,47435200,2.369999886,2.369999886,2.369999886
24-03-2020,2.400000095,2.549999952,64750100,2.75,2.599999905,2.599999905
25-03-2020,2.599999905,2.720000029,56588300,2.99000001,2.75999999,2.75999999
26-03-2020,2.779999971,2.809999943,43579400,3.069999933,2.930000067,2.930000067
27-03-2020,2.75999999,2.849999905,25132000,2.890000105,2.839999914,2.839999914
30-03-2020,2.700000048,2.809999943,20115300,2.829999924,2.710000038,2.710000038
31-03-2020,2.680000067,2.829999924,30261400,2.880000114,2.779999971,2.779999971
01-04-2020,2.599999905,2.630000114,17153800,2.75999999,2.650000095,2.650000095
02-04-2020,2.220000029,2.50999999,58942700,2.589999914,2.390000105,2.390000105
03-04-2020,2.329999924,2.450000048,19519500,2.49000001,2.400000095,2.400000095
06-04-2020,2.400000095,2.480000019,34866700,2.549999952,2.470000029,2.470000029
07-04-2020,2.650000095,2.809999943,46149600,2.809999943,2.700000048,2.700000048
08-04-2020,2.710000038,2.75999999,18312900,2.799999952,2.74000001,2.74000001
09-04-2020,2.630000114,2.819999933,32810000,2.819999933,2.670000076,2.670000076
13-04-2020,2.630000114,2.670000076,38421700,2.970000029,2.970000029,2.970000029
14-04-2020,2.920000076,3.150000095,36479000,3.160000086,3.00999999,3.00999999
15-04-2020,2.880000114,2.950000048,27529800,3.200000048,3.200000048,3.200000048
16-04-2020,3.200000048,3.299999952,37801700,3.410000086,3.25,3.25
17-04-2020,3.150000095,3.359999895,22831800,3.359999895,3.210000038,3.210000038
20-04-2020,3.049999952,3.180000067,18691700,3.349999905,3.190000057,3.190000057
21-04-2020,3.00999999,3.099999905,19789700,3.220000029,3.019999981,3.019999981
22-04-2020,3.049999952,3.089999914,14494000,3.150000095,3.089999914,3.089999914
23-04-2020,3.049999952,3.200000048,17434200,3.200000048,3.059999943,3.059999943
24-04-2020,2.910000086,3.079999924,22069700,3.099999905,2.940000057,2.940000057
27-04-2020,2.950000048,3,35641100,3.25999999,3.24000001,3.24000001
28-04-2020,3.200000048,3.400000095,36326800,3.450000048,3.339999914,3.339999914
29-04-2020,3.589999914,3.829999924,89238800,3.980000019,3.609999895,3.609999895
30-04-2020,3.369999886,3.630000114,44540400,3.720000029,3.410000086,3.410000086
01-05-2020,3.119999886,3.299999952,31268900,3.329999924,3.180000067,3.180000067
04-05-2020,3.079999924,3.079999924,23387500,3.359999895,3.339999914,3.339999914
05-05-2020,3.279999971,3.440000057,22315800,3.480000019,3.279999971,3.279999971
06-05-2020,3.450000048,3.589999914,54347800,3.650000095,3.619999886,3.619999886
07-05-2020,3.519999981,3.630000114,26736700,3.670000076,3.630000114,3.630000114
08-05-2020,3.599999905,3.680000067,27638000,3.799999952,3.769999981,3.769999981
11-05-2020,3.660000086,3.720000029,16585600,3.769999981,3.74000001,3.74000001
12-05-2020,3.609999895,3.74000001,21943800,3.779999971,3.619999886,3.619999886
13-05-2020,3.319999933,3.640000105,34034700,3.680000067,3.440000057,3.440000057
14-05-2020,3.269999981,3.329999924,20936400,3.519999981,3.450000048,3.450000048
15-05-2020,3.359999895,3.369999886,13699000,3.450000048,3.369999886,3.369999886
18-05-2020,3.5,3.5,27771300,3.690000057,3.609999895,3.609999895
19-05-2020,3.589999914,3.619999886,21707400,3.75,3.690000057,3.690000057
20-05-2020,3.400000095,3.75999999,52056900,3.819999933,3.480000019,3.480000019
21-05-2020,3.230000019,3.400000095,41628400,3.440000057,3.329999924,3.329999924
22-05-2020,3.180000067,3.329999924,22887300,3.339999914,3.269999981,3.269999981
26-05-2020,3.400000095,3.420000076,59847900,3.829999924,3.819999933,3.819999933
27-05-2020,3.900000095,4.010000229,70718900,4.199999809,4.170000076,4.170000076
28-05-2020,3.75,3.980000019,62756900,4.119999886,3.829999924,3.829999924
29-05-2020,3.730000019,3.819999933,50303000,4,3.980000019,3.980000019
01-06-2020,3.960000038,4,69222000,4.329999924,4.260000229,4.260000229
02-06-2020,4.349999905,4.360000134,82476600,4.730000019,4.699999809,4.699999809
03-06-2020,4.980000019,5,199210000,5.699999809,5.599999905,5.599999905
04-06-2020,5.610000134,6.010000229,173052600,6.199999809,5.96999979,5.96999979
05-06-2020,5.519999981,6.03000021,90811800,6.079999924,5.590000153,5.590000153
08-06-2020,5.679999828,5.809999943,85951600,6.079999924,5.96999979,5.96999979
09-06-2020,5.760000229,5.840000153,136907900,6.829999924,6.679999828,6.679999828
10-06-2020,6.159999847,6.71999979,100170700,6.949999809,6.300000191,6.300000191
11-06-2020,5.659999847,5.789999962,126509700,6.090000153,5.909999847,5.909999847
12-06-2020,5.920000076,6.199999809,59838800,6.320000172,6.099999905,6.099999905
15-06-2020,5.920000076,5.96999979,113694400,6.989999771,6.829999924,6.829999924
16-06-2020,6.53000021,7.429999828,130478600,7.440000057,6.989999771,6.989999771
17-06-2020,6.670000076,6.929999828,58927300,6.980000019,6.840000153,6.840000153
18-06-2020,6.78000021,6.800000191,78846400,7.360000134,7.179999828,7.179999828
19-06-2020,7.230000019,7.360000134,84604200,7.630000114,7.340000153,7.340000153
22-06-2020,7.380000114,7.860000134,112976000,7.900000095,7.429999828,7.429999828
23-06-2020,7.190000057,7.550000191,79863500,7.690000057,7.230000019,7.230000019
24-06-2020,6.5,6.929999828,103888600,7.079999924,6.860000134,6.860000134
25-06-2020,6.599999905,6.659999847,46660300,7.150000095,7.079999924,7.079999924
26-06-2020,6.800000191,7.03000021,33596800,7.179999828,6.900000095,6.900000095
29-06-2020,6.710000038,6.980000019,46070400,7.25,7.230000019,7.230000019
30-06-2020,7.119999886,7.210000038,84485500,7.75,7.71999979,7.71999979
01-07-2020,7.670000076,7.789999962,64842600,7.989999771,7.909999847,7.909999847
02-07-2020,8.699999809,9.050000191,221496700,9.399999619,9.380000114,9.380000114
06-07-2020,10.93000031,11.05000019,329223800,12.30000019,11.51000023,11.51000023
07-07-2020,10.69999981,11.26000023,444070500,13.77000046,13.22000027,13.22000027
08-07-2020,12,14.10000038,570911400,15.27999973,12.88000011,12.88000011
09-07-2020,13.06999969,13.5,316792000,14.63000011,14.56999969,14.56999969
10-07-2020,14.19999981,15.60999966,318851300,15.72999954,14.97999954,14.97999954
13-07-2020,13.60999966,15.26000023,313460300,16.44000053,13.84000015,13.84000015
14-07-2020,12.42000008,13.25,196123200,14.13000011,14.09000015,14.09000015
15-07-2020,12.85000038,13.81999969,114603700,13.94999981,13.52000046,13.52000046
16-07-2020,12.44999981,12.46000004,134606300,13.15999985,12.93999958,12.93999958
17-07-2020,10.46000004,11.85999966,289518000,12.06999969,11.09000015,11.09000015
20-07-2020,11.38000011,11.42000008,155428100,12.84000015,12.81999969,12.81999969
21-07-2020,12.61999989,13.44999981,128036000,13.57999992,12.88000011,12.88000011
22-07-2020,11.81000042,12.38000011,112260500,12.82999992,12.38000011,12.38000011
23-07-2020,11.85000038,12.59000015,95206300,12.63000011,12.14999962,12.14999962
24-07-2020,10.90999985,11.38000011,93425300,11.89999962,11.81999969,11.81999969
27-07-2020,11.27000046,12.02999973,64068500,12.09000015,11.68999958,11.68999958
28-07-2020,11.38000011,11.47999954,90075800,12.64000034,12.27000046,12.27000046
29-07-2020,12.43000031,12.64999962,69552600,13,12.69999981,12.69999981
30-07-2020,12.06999969,12.61999989,64952900,12.94999981,12.19999981,12.19999981
31-07-2020,11.72999954,12.40999985,61620400,12.59000015,11.93999958,11.93999958
03-08-2020,12.46000004,12.52999973,122925300,13.67000008,13.60000038,13.60000038
04-08-2020,13.22000027,14.46000004,125731400,14.52999973,13.64000034,13.64000034
05-08-2020,13.36999989,13.40999985,60046000,14.07999992,13.92000008,13.92000008
06-08-2020,13.52000046,14.10000038,49787700,14.31000042,13.84000015,13.84000015
07-08-2020,13.19999981,13.53999996,57746000,13.72999954,13.42000008,13.42000008
10-08-2020,13.68000031,13.93999958,84267300,14.42000008,14.21000004,14.21000004
11-08-2020,12.93999958,15.30000019,181311500,15.44999981,12.98999977,12.98999977
12-08-2020,12.67000008,13.36999989,77260200,13.44999981,13.35999966,13.35999966
13-08-2020,13.17000008,13.44999981,50093500,13.64000034,13.35999966,13.35999966
14-08-2020,12.53999996,13.18000031,63250700,13.18000031,13.10000038,13.10000038
17-08-2020,13.06000042,13.06999969,78340500,14.05000019,14.05000019,14.05000019
18-08-2020,13.86999989,14.22999954,69962400,14.68999958,14.30000019,14.30000019
19-08-2020,13.85000038,14.28999996,41966800,14.40999985,14.06000042,14.06000042
20-08-2020,13.52999973,13.85000038,50072800,14.05000019,13.77999973,13.77999973
21-08-2020,13.61999989,13.64000034,70189900,14.57999992,14.11999989,14.11999989
24-08-2020,14.31000042,14.63000011,98697700,14.97999954,14.97000027,14.97000027
25-08-2020,15.06000042,15.07999992,299047800,17.87000084,17.84000015,17.84000015
26-08-2020,18.55999947,19.01000023,364104600,20.96999931,20.44000053,20.44000053
27-08-2020,18.76000023,19.98999977,199850300,20.46999931,19.87999916,19.87999916
28-08-2020,18.11000061,18.87000084,154799800,19.44000053,18.5,18.5
31-08-2020,16.81999969,17.19000053,226610900,19.82999992,19.03000069,19.03000069
01-09-2020,18.75,19.45000076,137226000,20.37999916,20.12000084,20.12000084
02-09-2020,18.5,20.92000008,153460600,21.04999924,19.89999962,19.89999962
03-09-2020,18.35000038,19.09000015,128358400,19.84000015,18.70000076,18.70000076
04-09-2020,15.60999966,18.54000092,163329800,19.18000031,17.97999954,17.97999954
08-09-2020,16.51000023,17.17000008,89624600,17.86000061,17.03000069,17.03000069
09-09-2020,17.70000076,17.89999962,90988400,18.62999916,18.09000015,18.09000015
10-09-2020,17.48999977,18.48999977,79679800,18.71999931,17.73999977,17.73999977
11-09-2020,17.45000076,18,55373500,18.10000038,17.96999931,17.96999931
14-09-2020,17.89999962,18.18000031,68234900,18.78000069,18.72999954,18.72999954
15-09-2020,18.87999916,19.10000038,111630500,20.25,19.19000053,19.19000053
16-09-2020,18.52000046,19.27000046,57671000,19.54000092,19.01000023,19.01000023
17-09-2020,18.07999992,18.26000023,55186600,19.32999992,19.29999924,19.29999924
18-09-2020,18.94000053,19.71999931,54885500,19.87999916,19.40999985,19.40999985
21-09-2020,17.65999985,19.04999924,75969500,19.27000046,18.80999947,18.80999947
22-09-2020,18.37000084,18.47999954,61061100,19.45000076,19.22999954,19.22999954
23-09-2020,17.79999924,19.21999931,70568100,19.36000061,17.95999908,17.95999908
24-09-2020,16.75,17.31999969,71069500,18.38999939,17.85000038,17.85000038
25-09-2020,17.95000076,18.02000046,44122100,18.62000084,18.31999969,18.31999969
28-09-2020,18.43000031,18.87999916,42786200,19.15999985,18.80999947,18.80999947
29-09-2020,18.70999908,18.76000023,163159200,21.12000084,20.85000038,20.85000038
30-09-2020,20.76000023,21.71999931,183530500,22.59000015,21.21999931,21.21999931
01-10-2020,20.82999992,21.68000031,79117100,21.95999908,21.76000023,21.76000023
02-10-2020,20.79999924,20.82999992,92713600,22.20000076,21.18000031,21.18000031
05-10-2020,21.06999969,21.65999985,60860100,21.92000008,21.59000015,21.59000015
06-10-2020,20.60000038,21.70999908,73217100,21.94000053,20.67000008,20.67000008
07-10-2020,20.79000092,21.05999947,59354300,21.77000046,21.55999947,21.55999947
08-10-2020,21.29000092,22.04999924,77719600,22.45000076,21.44000053,21.44000053
09-10-2020,21.31999969,21.62000084,37329000,21.73999977,21.46999931,21.46999931
12-10-2020,21.54999924,21.87999916,45476800,22.18000031,21.85000038,21.85000038
13-10-2020,21.17000008,21.86000061,42581500,21.96999931,21.62000084,21.62000084
14-10-2020,23.72999954,23.97999954,382663200,26.95999908,26.5,26.5
15-10-2020,25.78000069,27.20000076,385210600,29.22999954,28.06999969,28.06999969
16-10-2020,27.94000053,29.18000031,186764700,29.39999962,28.47999954,28.47999954
19-10-2020,27.21999931,28.20999908,115708700,28.55999947,27.62999916,27.62999916
20-10-2020,27.04999924,27.42000008,105233400,28.29999924,27.95999908,27.95999908
21-10-2020,27.38999939,27.89999962,65357900,28.43000031,27.86000061,27.86000061
22-10-2020,26.80999947,28.14999962,72173300,28.28000069,27.37999916,27.37999916
23-10-2020,26.47999954,27.37000084,51784000,27.42000008,27.15999985,27.15999985
26-10-2020,25.45999908,26.61000061,72610300,27.35000038,26.01000023,26.01000023
27-10-2020,26.03000069,26.20999908,104257700,28.45999908,28.44000053,28.44000053
28-10-2020,26.51000023,27.92000008,89374900,28.10000038,27.51000023,27.51000023
29-10-2020,28.31999969,28.52000046,214034700,32.20000076,31.98999977,31.98999977
30-10-2020,30.03000069,31.38999939,136607400,31.59000015,30.57999992,30.57999992
02-11-2020,31.68000031,33.95000076,265719900,34.93999863,33.31999969,33.31999969
03-11-2020,32.77999878,33.56999969,217608100,35.86999893,35.5,35.5
04-11-2020,35.81999969,37.43999863,339385900,39.75,37.70999908,37.70999908
05-11-2020,38.25,38.77999878,302472600,42.49000168,42.34999847,42.34999847
06-11-2020,40.04999924,41.09000015,288784300,43.29999924,41.63000107,41.63000107
09-11-2020,40.38000107,41.65000153,218733300,45.29000092,44.02000046,44.02000046
10-11-2020,38.11000061,44.5,237403600,45.20000076,41.54999924,41.54999924
11-11-2020,38.63999939,39.70999908,179581200,43.22999954,43.08000183,43.08000183
12-11-2020,43.95000076,44.47999954,345932900,49.34999847,48.29999924,48.29999924
13-11-2020,40.54999924,51.29000092,577185100,54.20000076,44.56000137,44.56000137
16-11-2020,41.09999847,41.11999893,306209100,45.84999847,45.58000183,45.58000183
17-11-2020,44.95999908,47.56999969,345578500,49.36999893,46.59000015,46.59000015
18-11-2020,42.5,45.75,271678300,46.72000122,45.06000137,45.06000137
19-11-2020,44.68000031,45.36000061,233779100,48.91999817,48.45000076,48.45000076
20-11-2020,47.88000107,48.27000046,209106300,50.59000015,49.25,49.25
23-11-2020,50.47999954,50.86000061,270203000,55.70000076,55.38000107,55.38000107
24-11-2020,51.5,56.99000168,243669700,57.20000076,53.50999832,53.50999832
25-11-2020,49.25,49.97999954,204508500,53.99000168,53.68999863,53.68999863
27-11-2020,52.59999847,54.86000061,105795100,55.54999924,54,54
30-11-2020,48.18000031,54.20999908,179765400,54.38999939,50.52999878,50.52999878
01-12-2020,44.04999924,52.02000046,246472300,52.09999847,45.36000061,45.36000061
02-12-2020,38.43000031,40.15999985,313028300,48,47.97999954,47.97999954
03-12-2020,45.20999908,47.90000153,173424000,48.65000153,45.34999847,45.34999847
04-12-2020,41.65000153,44.65999985,191969900,45.15999985,43.04000092,43.04000092
07-12-2020,42.40999985,42.5,165048500,46.31999969,45.11000061,45.11000061
08-12-2020,45.66999817,47.20999908,115799600,48.29999924,46.56000137,46.56000137
09-12-2020,42.95999908,47.08000183,121387900,47.20000076,44.00999832,44.00999832
10-12-2020,41.88999939,42.43999863,107376800,45.66999817,45.22000122,45.22000122
11-12-2020,41.25999832,42.47999954,147076100,43.63000107,41.97999954,41.97999954
14-12-2020,39.50999832,39.93999863,171598200,41.47999954,40.97999954,40.97999954
15-12-2020,41.27000046,42.47000122,132336900,43.84000015,43.5,43.5
16-12-2020,43.33000183,44.25,120109600,45.25999832,44.66999817,44.66999817
17-12-2020,43.90000153,45.16999817,130003700,46.04999924,46,46
18-12-2020,45.52000046,45.88999939,126251100,48,46.72000122,46.72000122
21-12-2020,45.02000046,45.63000107,132558100,49.49000168,48.95000076,48.95000076
22-12-2020,46.52999878,49.61000061,117118300,49.84000015,47.58000183,47.58000183
23-12-2020,45.81000137,47.47999954,81247900,48.36000061,47.00999832,47.00999832
24-12-2020,45.34999847,46.88000107,60582500,47.13000107,45.77000046,45.77000046
28-12-2020,43.66999817,46.66999817,105078000,46.84999847,44.06000137,44.06000137
29-12-2020,42.22999954,43.70000076,120689900,46.27999878,46.13999939,46.13999939
30-12-2020,45.72000122,46.5,116691700,48.38000107,48.38000107,48.38000107
31-12-2020,47.77000046,48.45999908,129344300,50.5,48.74000168,48.74000168
04-01-2021,50.66999817,51.20000076,213109700,54.45000076,53.49000168,53.49000168
05-01-2021,50.40000153,51.97000122,147474800,53.75,53.20000076,53.20000076
06-01-2021,49.08000183,54.02000046,176397700,55.27999878,50.5,50.5
07-01-2021,52.34999847,53.04999924,119429200,54.61000061,54.27999878,54.27999878
08-01-2021,55.88000107,57.75999832,218512800,59.31000137,58.91999817,58.91999817
11-01-2021,62.18999863,64.94999695,279770300,66.98999786,62.70000076,62.70000076
12-01-2021,60.41999817,61.41999817,184319300,64.12999725,62.04000092,62.04000092
13-01-2021,61.40999985,62.93999863,116059200,64.41000366,62.15000153,62.15000153
14-01-2021,60.04000092,62.63000107,99338400,63.22999954,60.86999893,60.86999893
15-01-2021,55.66999817,59.84000015,132247900,60.22000122,56.27000046,56.27000046
19-01-2021,56.40999985,58.20999908,99561100,59.00999832,58.43999863,58.43999863
20-01-2021,56.18999863,59.84999847,94983600,60.09000015,57.70999908,57.70999908
21-01-2021,55.88000107,57.02000046,73119500,58.58000183,58.34000015,58.34000015
22-01-2021,58.31999969,58.95000076,133918100,62.16999817,61.95000076,61.95000076
25-01-2021,58.34999847,64.05000305,111986400,64.51999664,59.99000168,59.99000168
26-01-2021,58.63999939,60.04000092,70393300,60.66999817,60.31000137,60.31000137
27-01-2021,56.59999847,57.95000076,73078300,59.79000092,57.15000153,57.15000153
28-01-2021,55.15000153,56.75999832,73955100,59.45999908,58.36999893,58.36999893
29-01-2021,56.43999863,59.02999878,78678200,60.70999908,57,57
01-02-2021,54.36999893,59.06999969,79878700,59.11999893,56.99000168,56.99000168
02-02-2021,54.50999832,57.06000137,66234100,57.54000092,55.77000046,55.77000046
03-02-2021,54.84000015,55.95999908,80122300,58.72000122,57.97999954,57.97999954
04-02-2021,57.11000061,58.79000092,48667900,59.20000076,57.59999847,57.59999847
05-02-2021,56.00999832,57.74000168,43057500,57.97999954,56.66999817,56.66999817
08-02-2021,56.18000031,57.08000183,64030100,59.52000046,59.06999969,59.06999969
09-02-2021,58.24000168,58.95000076,97246500,63.09999847,62.84000015,62.84000015
10-02-2021,60.33000183,62.54999924,90366700,64.59999847,61.25999832,61.25999832
11-02-2021,59.81000137,61.68999863,55732800,63.06000137,60.27000046,60.27000046
12-02-2021,59.09999847,60.25999832,40233100,61.04999924,59.84999847,59.84999847
16-02-2021,58.65000153,60.40000153,55084100,62.13999939,59.22999954,59.22999954
17-02-2021,55.90000153,57.91999817,64196800,58.02999878,57.31999969,57.31999969
18-02-2021,52.59999847,55.45000076,62505700,56.38000107,54.43000031,54.43000031
19-02-2021,54.09999847,55.72000122,43020700,56.04000092,55.04000092,55.04000092
22-02-2021,50.40000153,54.18000031,68831300,54.36999893,50.68000031,50.68000031
23-02-2021,41.65999985,45.61999893,142544300,49.66999817,49.11000061,49.11000061
24-02-2021,47.75,49.31000137,82488600,52.06999969,51.86000061,51.86000061
25-02-2021,46.00999832,51.59999847,95513800,51.84999847,46.81000137,46.81000137
26-02-2021,44.61999893,47,100315500,47.95000076,45.77999878,45.77999878
01-03-2021,47.63000107,48.54999924,94238500,50.41999817,49.75999832,49.75999832
02-03-2021,42.65999985,46.11000061,161334000,47.13000107,43.29000092,43.29000092
03-03-2021,41.11000061,44.58000183,107863400,45.08000183,41.52999878,41.52999878
04-03-2021,37.59000015,40.49000168,205872700,42.43000031,39.27999878,39.27999878
05-03-2021,31.90999985,39.24000168,270803200,39.86999893,38.11000061,38.11000061
08-03-2021,34.90000153,36.97000122,143074800,39.47999954,35.20999908,35.20999908
09-03-2021,36.52000046,37.47999954,176602600,42.08000183,41.34999847,41.34999847
10-03-2021,40.25,43.5,190801800,45.25999832,41.31999969,41.31999969
11-03-2021,42.79999924,44.43999863,134788000,46.15999985,46.02999878,46.02999878
12-03-2021,42.75999832,43.50999832,113460100,45.79999924,45.5,45.5
15-03-2021,44.38000107,45.54999924,74013600,46.29000092,44.93000031,44.93000031
16-03-2021,43.16999817,45.04000092,84361400,45.65999985,43.68000031,43.68000031
17-03-2021,41.33000183,41.90000153,96150000,45.02000046,44.75999832,44.75999832
18-03-2021,41.45000076,43.29999924,71159900,44.25999832,41.63000107,41.63000107
19-03-2021,40.43999863,41.43999863,97657200,43.40000153,43.34999847,43.34999847
22-03-2021,42.58000183,44.06999969,72838500,44.56000137,42.93999863,42.93999863
23-03-2021,40.97999954,42.58000183,58542300,43.11000061,41.18000031,41.18000031
24-03-2021,36.58000183,41.20000076,130695000,41.29000092,36.95999908,36.95999908
25-03-2021,35.11999893,35.24000168,118082000,39.18999863,37.93999863,37.93999863
26-03-2021,34,35.65000153,163039700,36.65000153,36.13000107,36.13000107
29-03-2021,34.5,35.25999832,83188200,36.84000015,35.50999832,35.50999832
30-03-2021,34.61000061,35.20000076,106153500,37.95999908,37.54999924,37.54999924
31-03-2021,37.45000076,38.95999908,98298400,39.25,38.97999954,38.97999954
01-04-2021,39.25,41.56000137,116305500,42.06000137,39.65999985,39.65999985
05-04-2021,38.72000122,40.54000092,71418400,40.65000153,39.31000137,39.31000137
06-04-2021,38.41999817,38.83000183,67969400,40.38999939,40,40
07-04-2021,36.95000076,39.70000076,80022800,39.84999847,37.27000046,37.27000046
08-04-2021,37.47000122,37.61999893,63692000,39.18000031,38.70000076,38.70000076
09-04-2021,37.00999832,38.34999847,69272700,38.36000061,38.11999893,38.11999893
12-04-2021,36.75999832,37.95999908,53428100,38,37.13999939,37.13999939
13-04-2021,37.33000183,37.47999954,62005700,38.65999985,38.47999954,38.47999954
14-04-2021,36.79000092,39.22999954,78454000,39.33000183,37.02000046,37.02000046
15-04-2021,34.56000137,37.02000046,100437400,37.06000137,35.65999985,35.65999985
16-04-2021,34.06000137,34.68999863,84477400,36.54000092,36.09000015,36.09000015
19-04-2021,35.36000061,36.77999878,92190700,37.54000092,36.77999878,36.77999878
20-04-2021,35.93999863,37.16999817,71208600,37.81999969,36.93000031,36.93000031
21-04-2021,36.15999985,36.52999878,77449200,38.95999908,38.90000153,38.90000153
22-04-2021,38.49000168,38.99000168,115802700,40.45000076,39.56999969,39.56999969
23-04-2021,39.54000092,40.20000076,70342400,41.20000076,41.08000183,41.08000183
26-04-2021,40.86000061,41.95999908,88233500,43.22000122,42.61999893,42.61999893
27-04-2021,41.02000046,43.02000046,69998800,43.13000107,41.20999908,41.20999908
28-04-2021,40.43999863,40.74000168,57639600,41.95000076,41.18999863,41.18999863
29-04-2021,38.72999954,41.38000107,82660700,41.49000168,38.99000168,38.99000168
30-04-2021,37.34999847,37.72999954,116728700,41.22000122,39.84000015,39.84000015
03-05-2021,39.31000137,40.34000015,80089600,41.45000076,39.54000092,39.54000092
04-05-2021,36.91999817,38.99000168,78256800,39.31999969,37.93000031,37.93000031
05-05-2021,37.34000015,38.34000015,56336200,38.70000076,37.70999908,37.70999908
06-05-2021,35.77000046,37.49000168,71656000,38.04000092,36.68000031,36.68000031
07-05-2021,36.61999893,37.16999817,55551700,38.04000092,36.93999863,36.93999863
10-05-2021,34.29999924,36.77999878,92293900,36.79000092,34.33000183,34.33000183
11-05-2021,32.20000076,32.45000076,113418900,35.45999908,34.86999893,34.86999893
12-05-2021,33.47999954,34.38000107,75993700,35.13000107,33.68000031,33.68000031
13-05-2021,30.70999908,33.84999847,113686700,34.27000046,31.21999931,31.21999931
14-05-2021,31.55999947,31.94000053,80214300,33.68999863,33.41999817,33.41999817
17-05-2021,32.81999969,33.33000183,64020000,34.15999985,33.81000137,33.81000137
18-05-2021,33.25999832,34.00999832,64929500,34.77999878,34.18999863,34.18999863
19-05-2021,32.59000015,32.97999954,68799800,33.45999908,33.45999908,33.45999908
20-05-2021,33.63999939,33.97999954,48991700,34.50999832,34.33000183,34.33000183
21-05-2021,33.86999893,34.65999985,49568800,34.77999878,34.06000137,34.06000137
24-05-2021,33.56000137,34.25999832,67244400,36.49000168,35.88999939,35.88999939
25-05-2021,35.68999863,36.31999969,76628000,37.63999939,36.06999969,36.06999969
26-05-2021,36.06999969,36.25,55929000,38.08000183,37.75999832,37.75999832
27-05-2021,37.18000031,37.95000076,53064400,38.97999954,38.90999985,38.90999985
28-05-2021,38.16999817,38.74000168,58236000,39.75999832,38.61999893,38.61999893
01-06-2021,39.93999863,39.99000168,101544100,42.43999863,42.34000015,42.34000015
02-06-2021,40.95000076,42.15000153,66383500,42.88000107,41.15999985,41.15999985
03-06-2021,40.31000137,40.68000031,62437200,42.36999893,40.90000153,40.90000153
04-06-2021,41.15000153,41.43000031,40993600,42.33000183,41.93999863,41.93999863
07-06-2021,41.43999863,41.66999817,53261300,43.90000153,43.68000031,43.68000031
08-06-2021,42.81999969,44.45999908,50332300,44.88999939,43.56000137,43.56000137
09-06-2021,42.72999954,43.52999878,36364000,44.43999863,42.74000168,42.74000168
10-06-2021,42.15999985,42.66999817,34757300,43.43000031,42.75999832,42.75999832
11-06-2021,42.75999832,42.93000031,85733900,46.25999832,45.68000031,45.68000031
14-06-2021,45.58000183,45.95000076,65288400,47.25,46.54999924,46.54999924
15-06-2021,45.04000092,46.20999908,44755600,46.38000107,45.15000153,45.15000153
16-06-2021,43.77000046,44.22999954,47381500,45.13000107,45.02000046,45.02000046
17-06-2021,44.86000061,45.04999924,64895500,47.75999832,47.36000061,47.36000061
18-06-2021,46.59000015,47.68000031,90778400,48.36999893,46.90999985,46.90999985
21-06-2021,45.06999969,46.54999924,44475700,46.99000168,46.50999832,46.50999832
22-06-2021,43.81000137,45.86000061,61387300,46.54999924,44.09999847,44.09999847
23-06-2021,44.61000061,44.97000122,39493500,45.97999954,45.40999985,45.40999985
24-06-2021,45.24000168,45.90999985,37680700,46.59000015,45.45999908,45.45999908
25-06-2021,44.88000107,45.77999878,32605400,45.93999863,45.06999969,45.06999969
28-06-2021,45.54999924,45.72000122,90202800,49.65000153,49.40000153,49.40000153
29-06-2021,48.54999924,49.15000153,64800100,50.61000061,50.34000015,50.34000015
30-06-2021,50.54999924,50.58000183,92031100,53.84000015,53.20000076,53.20000076
01-07-2021,50.27000046,54.77000046,124253000,55.13000107,50.90000153,50.90000153
02-07-2021,48.52999878,51.25999832,78631100,51.47000122,50.40000153,50.40000153
06-07-2021,49.18000031,49.40000153,67705500,51.74000168,50.29000092,50.29000092
07-07-2021,45.75,50.20000076,85812800,50.54999924,46.04000092,46.04000092
08-07-2021,42.72999954,43.86000061,93774800,46.25999832,45.59999847,45.59999847
09-07-2021,44.58000183,46.70999908,64622800,47.00999832,45.52999878,45.52999878
12-07-2021,44.59999847,45.97000122,54668300,46.81999969,46.34000015,46.34000015
13-07-2021,44.93000031,46.20000076,44689100,46.90999985,44.95999908,44.95999908
14-07-2021,42.68000031,44.84000015,56805800,45.16999817,43.04999924,43.04999924
15-07-2021,42.68000031,43.25999832,55860400,44.77000046,43.68000031,43.68000031
16-07-2021,42.40000153,43.84999847,49929500,44.40000153,42.79999924,42.79999924
19-07-2021,40.47999954,41.49000168,65290100,43.66999817,43.34999847,43.34999847
20-07-2021,42.43000031,43.59999847,37932300,44.40999985,44.16999817,44.16999817
21-07-2021,44,44.09999847,59851700,47.38000107,46.77000046,46.77000046
22-07-2021,45.47000122,46.95999908,38936400,47.38000107,46.06999969,46.06999969
23-07-2021,42.5,43.66999817,49559100,44.5,43.99000168,43.99000168
26-07-2021,41.93000031,42.66999817,54759200,44.88000107,43.16999817,43.16999817
27-07-2021,38.65999985,42.43999863,102714000,43.29999924,39.36000061,39.36000061
28-07-2021,39.79000092,40.90999985,59207200,42,41.84000015,41.84000015
29-07-2021,41.63999939,42.25,46847600,43.29999924,42.61999893,42.61999893
30-07-2021,41.52999878,42.22999954,66262700,45.20000076,44.68000031,44.68000031
02-08-2021,44.29999924,44.65000153,68453300,46.77999878,45.84999847,45.84999847
03-08-2021,43.75999832,45.22999954,46029300,45.79999924,44.56999969,44.56999969
04-08-2021,44.56000137,45.47000122,35453600,45.79999924,45.09000015,45.09000015
05-08-2021,44.02000046,44.75,33362600,46.29999924,45.59999847,45.59999847
06-08-2021,43.45000076,45.54999924,38016400,45.79999924,43.84000015,43.84000015
09-08-2021,43.70000076,43.70000076,30548700,45.47999954,45.20999908,45.20999908
10-08-2021,44.09999847,45.47000122,29572800,46.38000107,44.22000122,44.22000122
11-08-2021,43.15000153,44.70999908,33805200,45.11999893,43.97000122,43.97000122
12-08-2021,41.54999924,44.34999847,50685600,44.40000153,42.47000122,42.47000122
13-08-2021,40.61000061,41.90000153,39161100,42.27999878,41.02999878,41.02999878
16-08-2021,38.06999969,39.45999908,66407900,39.59999847,38.61999893,38.61999893
17-08-2021,36.83000183,37.45999908,60838000,39.02000046,38.09999847,38.09999847
18-08-2021,37.95000076,38.49000168,48277600,39.63000107,38.86000061,38.86000061
19-08-2021,36.24000168,37.88999939,56718000,38.15000153,36.29000092,36.29000092
20-08-2021,36.59999847,36.63000107,43491300,37.90000153,36.91999817,36.91999817
23-08-2021,37.04000092,37.43999863,39610100,38.38000107,38.16999817,38.16999817
24-08-2021,38.63000107,39.24000168,37927500,39.61000061,38.93999863,38.93999863
25-08-2021,38.18000031,38.65999985,25641300,39.13999939,38.95000076,38.95000076
26-08-2021,37.81999969,38.63000107,34432000,39.74000168,38.25999832,38.25999832
27-08-2021,37.83000183,38.22999954,23496700,38.47000122,38.04999924,38.04999924
30-08-2021,36.63999939,38.16999817,38128000,38.27999878,37.79999924,37.79999924
31-08-2021,37.90000153,38.24000168,44942200,39.38999939,39.31000137,39.31000137
01-09-2021,37.20000076,37.49000168,56911500,39.93000031,39.08000183,39.08000183
02-09-2021,38.90000153,39.06999969,43827700,41.02000046,40.34999847,40.34999847
03-09-2021,39.83000183,40.11000061,30353900,40.97000122,40.36999893,40.36999893
07-09-2021,40.59000015,40.84999847,35292600,41.86000061,40.59000015,40.59000015
08-09-2021,37.81000137,39.16999817,51800000,39.43000031,38.13999939,38.13999939
09-09-2021,37.54999924,37.97999954,33812000,38.84999847,38.45000076,38.45000076
10-09-2021,37.90000153,38.61999893,29273600,39.52000046,37.97999954,37.97999954
13-09-2021,36.56000137,38.00999832,38410000,38.38999939,38.38999939,38.38999939
14-09-2021,37.68999863,38.49000168,30857200,39.40000153,37.88999939,37.88999939
15-09-2021,36.95000076,38,27049400,38.15000153,38.02999878,38.02999878
16-09-2021,36.74000168,37.54000092,33023100,37.66999817,37.09000015,37.09000015
17-09-2021,36.97000122,37.29999924,29557200,37.56999969,37.50999832,37.50999832
20-09-2021,34.54000092,36.11000061,57611700,36.31999969,35.16999817,35.16999817
21-09-2021,34.88000107,35.52000046,31706600,35.81999969,34.90000153,34.90000153
22-09-2021,35.11999893,35.20999908,26608000,35.83000183,35.70000076,35.70000076
23-09-2021,35.56999969,36.20000076,27152700,36.5,36.00999832,36.00999832
24-09-2021,35.20000076,35.59000015,23755100,36.06999969,35.38000107,35.38000107
27-09-2021,34.41999817,35.43000031,36093000,36.86000061,36.77000046,36.77000046
28-09-2021,34.93000031,36.27999878,37507900,37.02999878,35.04999924,35.04999924
29-09-2021,35.02000046,35.43999863,33553400,36.36000061,35.13000107,35.13000107
30-09-2021,35.29000092,35.63000107,25768500,35.97999954,35.63000107,35.63000107
01-10-2021,35.25999832,36.63000107,34919900,36.66999817,35.38000107,35.38000107
04-10-2021,33.27999878,35.02000046,40823100,35.02000046,33.40000153,33.40000153
05-10-2021,33.27000046,33.29999924,26441300,34.31000137,33.86999893,33.86999893
06-10-2021,33.16999817,33.40999985,22885100,34.15999985,33.65999985,33.65999985
07-10-2021,34.90999985,35.43999863,67945200,36.63999939,35.99000168,35.99000168
08-10-2021,35.83000183,36.43999863,31959800,36.54999924,35.83000183,35.83000183
11-10-2021,35.52999878,36.09000015,25400100,36.52000046,35.63999939,35.63999939
12-10-2021,35.18000031,35.70000076,26592000,36.04999924,35.50999832,35.50999832
13-10-2021,35.47000122,35.77999878,33439600,36.68000031,36.24000168,36.24000168
14-10-2021,35.59999847,36.20999908,29898400,36.45000076,36.27999878,36.27999878
15-10-2021,36.93999863,36.99000168,48169000,38.29000092,37.70999908,37.70999908
18-10-2021,37.27000046,37.49000168,43499400,39.84000015,39.61000061,39.61000061
19-10-2021,39.56000137,40.27000046,37820000,40.90000153,40.02999878,40.02999878
20-10-2021,39.15999985,39.97000122,25120700,40.34000015,39.77999878,39.77999878
21-10-2021,39.36999893,39.50999832,25389100,40.59999847,39.97000122,39.97000122
22-10-2021,38.54000092,39.95999908,28015500,40.38999939,38.88000107,38.88000107
25-10-2021,39.24000168,39.40000153,46935600,41.41999817,41.27000046,41.27000046
26-10-2021,40.47000122,41.29000092,55875400,42.61000061,40.47000122,40.47000122
27-10-2021,39.25999832,40.90000153,28750900,41.27999878,39.31000137,39.31000137
28-10-2021,39.18999863,39.52999878,32774200,40.79999924,40.79000092,40.79000092
29-10-2021,39.20999908,40.25,33423100,40.54999924,39.40999985,39.40999985
01-11-2021,38.11000061,38.11000061,53062500,40.84000015,40.84000015,40.84000015
02-11-2021,40.20000076,40.47000122,46243600,42.49000168,41.29999924,41.29999924
03-11-2021,40.63000107,41.97999954,34202100,42.40999985,41.5,41.5
04-11-2021,42.5,42.75999832,53634400,44,43.11999893,43.11999893
05-11-2021,41.81999969,43.52000046,33048700,43.52000046,42.29000092,42.29000092
08-11-2021,42.27999878,42.65000153,38487900,44.27000046,43.20000076,43.20000076
09-11-2021,40.59999847,43.49000168,49158000,43.79999924,40.63999939,40.63999939
10-11-2021,38.83000183,40.88999939,48507300,42.09000015,39.54999924,39.54999924
11-11-2021,40.34999847,40.88999939,39934000,42.22000122,42.20000076,42.20000076
12-11-2021,41.90999985,42.68999863,34743100,43.54999924,42.66999817,42.66999817
15-11-2021,40.02000046,42.59999847,47571700,42.68999863,40.56999969,40.56999969
16-11-2021,40.02000046,40.88999939,37099000,41.29999924,40.66999817,40.66999817
17-11-2021,39.06999969,40.56999969,35829900,40.91999817,39.66999817,39.66999817
18-11-2021,37.45000076,39,42260200,39.43999863,38.40999985,38.40999985
19-11-2021,38,38.59000015,30069100,39.09999847,38.65999985,38.65999985
22-11-2021,40.25,40.41999817,70987500,42.84000015,41.49000168,41.49000168
23-11-2021,40.47000122,41.5,55094300,43.11999893,42.04000092,42.04000092
24-11-2021,40.88999939,41.70000076,33467200,42.50999832,41.41999817,41.41999817
26-11-2021,39.09999847,39.40000153,30468500,40.34000015,39.99000168,39.99000168
29-11-2021,39.49000168,40.84999847,35113900,41.20000076,40.45999908,40.45999908
30-11-2021,38.34999847,40.36999893,47970900,41.41999817,39.13000107,39.13000107
01-12-2021,38.20000076,40.40999985,48006000,40.83000183,38.31000137,38.31000137
02-12-2021,34.02000046,38.83000183,85263200,39.68000031,36.20000076,36.20000076
03-12-2021,31.5,34.58000183,106366600,35.22000122,32.15000153,32.15000153
06-12-2021,29.65999985,32.34999847,70041700,33.31999969,32.34000015,32.34000015
07-12-2021,32.68000031,34.43999863,51769700,34.52000046,33.11999893,33.11999893
08-12-2021,33.04999924,33.81999969,48881000,35.29999924,35.04999924,35.04999924
09-12-2021,33.90000153,34.88000107,36271400,35.54999924,34.04999924,34.04999924
10-12-2021,33.25,33.90000153,32196300,34.54999924,34.25999832,34.25999832
13-12-2021,32.90000153,33.68000031,31857900,34.66999817,33.65999985,33.65999985
14-12-2021,31.20000076,32.22999954,45998500,32.38000107,32.29999924,32.29999924
15-12-2021,29.05999947,31.5,80802100,31.84000015,30.79000092,30.79000092
16-12-2021,29.75,31.04999924,42744100,31.63999939,30.06999969,30.06999969
17-12-2021,28.02000046,29.53000069,54537300,30.51000023,30,30
20-12-2021,27.79000092,29.45000076,56945600,29.45999908,28.15999985,28.15999985
21-12-2021,28.67000008,28.72999954,73653200,30.25,30.15999985,30.15999985
22-12-2021,29.32999992,29.55999947,38368900,30.37999916,29.85000038,29.85000038
23-12-2021,28.96999931,29.61000061,38379700,30.79999924,30.52000046,30.52000046
27-12-2021,29.80999947,30.38999939,36081100,31.31999969,29.95999908,29.95999908
28-12-2021,29.46999931,29.87999916,28807200,30.19000053,29.62999916,29.62999916
29-12-2021,27.52000046,29.55999947,51169700,29.62000084,28.25,28.25
30-12-2021,27.79999924,27.88999939,137245800,33.04000092,32.41999817,32.41999817
31-12-2021,31.65999985,32.04000092,67569200,32.97999954,31.68000031,31.68000031
03-01-2022,31.87999916,33.52000046,64286500,33.79999924,33.47000122,33.47000122
04-01-2022,31.11000061,33.34999847,47866800,33.38999939,31.57999992,31.57999992
05-01-2022,29.78000069,30.96999931,42442700,31.94000053,29.87999916,29.87999916
06-01-2022,28.28000069,30.01000023,48723200,30.54000092,29.30999947,29.30999947
07-01-2022,28.78000069,29.45000076,40781500,30.42000008,29.29999924,29.29999924
10-01-2022,27.78000069,29,44833600,29.15999985,28.90999985,28.90999985
11-01-2022,28.46999931,28.85000038,41475700,30.44000053,30.02000046,30.02000046
12-01-2022,30.34000015,31.20000076,54271700,31.86000061,31.68000031,31.68000031
13-01-2022,30.47999954,31.68000031,35401300,31.85000038,30.47999954,30.47999954
14-01-2022,30.07999992,30.28000069,34862600,31.31999969,30.95000076,30.95000076
18-01-2022,29.60000038,30.03000069,33258200,30.90999985,29.61000061,29.61000061
19-01-2022,28.61000061,29.71999931,34011800,30.14999962,28.62999916,28.62999916
20-01-2022,29.04999924,29.45999908,45217100,30.87999916,29.12999916,29.12999916
21-01-2022,27.21999931,28.97999954,60210500,28.98999977,27.35000038,27.35000038
24-01-2022,23.10000038,25.72999954,94119800,25.97999954,24.87000084,24.87000084
25-01-2022,23.37999916,24.15999985,53047000,25.01000023,23.79000092,23.79000092
26-01-2022,22.53000069,24.60000038,72125700,24.78000069,22.65999985,22.65999985
27-01-2022,20.95999908,22.79999924,78287900,22.80999947,21.11000061,21.11000061
28-01-2022,19.30999947,20.65999985,96701100,21.31999969,20.89999962,20.89999962
31-01-2022,21.60000038,21.72999954,96028800,24.63999939,24.51000023,24.51000023
01-02-2022,23.55999947,24.88999939,81994300,25.22999954,24.84000015,24.84000015
02-02-2022,23.01000023,24.88999939,60475400,24.88999939,23.76000023,23.76000023
03-02-2022,22.95000076,22.95999908,55361300,24.62000084,23.12999916,23.12999916
04-02-2022,22.72999954,23.45999908,45771700,24.31999969,23.95999908,23.95999908
07-02-2022,23.53000069,23.78000069,39661800,24.78000069,23.98999977,23.98999977
08-02-2022,23.54000092,23.98999977,42607200,24.86000061,24.69000053,24.69000053
09-02-2022,25.04999924,25.45000076,56547700,26.23999977,26.10000038,26.10000038
10-02-2022,25.02000046,25.04999924,54337700,26.40999985,25.35000038,25.35000038
11-02-2022,23.70000076,24.98999977,47870100,25.68000031,24.10000038,24.10000038
14-02-2022,23.34000015,23.76000023,41441600,24.54000092,23.79000092,23.79000092
15-02-2022,24.20000076,24.30999947,47215200,25.84000015,25.79000092,25.79000092
16-02-2022,25.04999924,25.39999962,32627200,25.84000015,25.61000061,25.61000061
17-02-2022,24.64999962,25.23999977,34541600,26.27000046,24.71999931,24.71999931
18-02-2022,22.73999977,24.78000069,52112700,24.79000092,23.20999908,23.20999908
22-02-2022,21.31999969,22.36000061,56038200,22.95999908,21.77000046,21.77000046
23-02-2022,20.45000076,22.02000046,49465100,22.5,20.45999908,20.45999908
24-02-2022,18.46999931,18.5,77198400,21.30999947,21.21999931,21.21999931
25-02-2022,20.19000053,21.32999992,56994000,21.56999969,20.94000053,20.94000053
28-02-2022,20.94000053,21.43000031,83996600,23.14999962,22.84000015,22.84000015
01-03-2022,21.72999954,22.55999947,50402000,23.35000038,21.87000084,21.87000084
02-03-2022,20.62999916,21.89999962,47212000,22.20999908,21.77000046,21.77000046
03-03-2022,19.71999931,21.72999954,69419400,21.80999947,19.87999916,19.87999916
04-03-2022,18.54999924,20.09000015,68403300,20.29000092,18.62999916,18.62999916
07-03-2022,18.04000092,18.85000038,79649600,20.03000069,18.12000084,18.12000084
08-03-2022,17.57999992,18.22999954,74932400,18.75,17.97999954,17.97999954
09-03-2022,18.51000023,18.55999947,84306700,20.54999924,20.17000008,20.17000008
10-03-2022,17.21999931,19,105883600,19.10000038,17.77000046,17.77000046
11-03-2022,16.06999969,18.11000061,93265200,18.12999916,16.06999969,16.06999969
14-03-2022,13.81999969,15.09000015,115290300,15.73999977,14.10000038,14.10000038
15-03-2022,13.01000023,13.47999954,139771600,15.35000038,14.93000031,14.93000031
16-03-2022,16.78000069,17.63999939,168011700,18.77000046,18.75,18.75
17-03-2022,17.44000053,17.93000031,93328900,18.82999992,18.81999969,18.81999969
18-03-2022,18.54999924,18.82999992,128531700,21.23999977,20.86000061,20.86000061
21-03-2022,19.32999992,20.75,89586400,21.20000076,20.26000023,20.26000023
22-03-2022,20.59000015,20.84000015,79808500,22.09000015,21.77000046,21.77000046
23-03-2022,20.88999939,21.60000038,88922000,22.60000038,21.87000084,21.87000084
24-03-2022,20.65999985,22,97155000,22.12000084,21.97999954,21.97999954
25-03-2022,19.35000038,20.30999947,106936200,20.75,19.90999985,19.90999985
28-03-2022,20.31999969,20.42000008,75247200,21.22999954,21.20999908,21.20999908
29-03-2022,21.02000046,21.57999992,65946100,21.95999908,21.87999916,21.87999916
30-03-2022,21.62999916,21.82999992,114646500,23.86000061,22.17000008,22.17000008
31-03-2022,20.76000023,22.28000069,77641400,22.28000069,21.04999924,21.04999924
01-04-2022,21.55999947,22.40999985,110169300,23.21999931,21.93000031,21.93000031
04-04-2022,22.78000069,23.30999947,101280500,23.94000053,23.85000038,23.85000038
05-04-2022,22.44000053,23.96999931,69772000,23.97999954,22.46999931,22.46999931
06-04-2022,20.93000031,22.04000092,73501100,22.07999992,21.68000031,21.68000031
07-04-2022,19.72999954,21.48999977,82617000,21.68000031,20.36000061,20.36000061
08-04-2022,19.82999992,20.11000061,59574300,20.70999908,20,20
11-04-2022,17.77000046,18.04999924,93693800,20.06999969,19.70000076,19.70000076
12-04-2022,19.21999931,20.03000069,51210800,20.27000046,19.45999908,19.45999908
13-04-2022,19.03000069,19.54999924,57163200,20.55999947,20.42000008,20.42000008
14-04-2022,19.53000069,20.09000015,43937500,20.39999962,19.64999962,19.64999962
18-04-2022,18.51000023,19.51000023,40647500,19.63999939,19.17000008,19.17000008
19-04-2022,18.36000061,19.04999924,43395000,19.88999939,19.87000084,19.87000084
20-04-2022,18.06999969,19.37999916,53336400,19.45000076,18.14999962,18.14999962
21-04-2022,16.97999954,18.34000015,61501400,18.70000076,17.14999962,17.14999962
22-04-2022,17.12000084,17.35000038,60727300,18.29000092,17.18000031,17.18000031
25-04-2022,16.18000031,16.80999947,54990900,17.42000008,17.30999947,17.30999947
26-04-2022,16.15999985,17.23999977,52771600,17.40999985,16.36000061,16.36000061
27-04-2022,16.52000046,16.52000046,56633000,17.69000053,16.76000023,16.76000023
28-04-2022,15.90999985,16.89999962,53118500,17.23999977,16.93000031,16.93000031
29-04-2022,16.65999985,17.78000069,62933900,18.19000053,16.70000076,16.70000076
02-05-2022,16.39999962,16.53000069,56156200,17.5,17.5,17.5
03-05-2022,16.95000076,17.29000092,44062200,17.84000015,17.53000069,17.53000069
04-05-2022,16.71999931,17.18000031,53869900,18.21999931,18.12999916,18.12999916
05-05-2022,14.86999989,17.40999985,95761700,17.52000046,15.38000011,15.38000011
06-05-2022,14.46000004,15.60999966,57655100,15.81000042,14.92000008,14.92000008
09-05-2022,13.47999954,14.32999992,63121000,14.52999973,13.55000019,13.55000019
10-05-2022,12.85999966,14.26000023,77181800,14.68000031,13.43999958,13.43999958
11-05-2022,12.64000034,13.78999996,86081300,14.35999966,12.71000004,12.71000004
12-05-2022,11.67000008,12.47999954,83180600,13.75,13.10000038,13.10000038
13-05-2022,13.53999996,13.69999981,63558000,14.40999985,14.31000042,14.31000042
16-05-2022,14.27999973,14.81000042,82270000,15.43000031,14.55000019,14.55000019
17-05-2022,15.26000023,15.31000042,93233100,16.69000053,16.62999916,16.62999916
18-05-2022,15.65999985,16.29000092,72865500,16.93000031,15.82999992,15.82999992
19-05-2022,15.78999996,16.11000061,61191000,16.88999939,16.65999985,16.65999985
20-05-2022,15.68000031,17.5,86108900,17.60000038,16.44000053,16.44000053
23-05-2022,15.23999977,15.80000019,65594700,16.01000023,16,16
24-05-2022,14.39999962,15.52999973,48413500,15.52999973,14.63000011,14.63000011
25-05-2022,14.09000015,14.78999996,44911100,15,14.64000034,14.64000034
26-05-2022,14.32999992,14.52000046,64243800,16.12999916,16.03000069,16.03000069
27-05-2022,15.67000008,16.15999985,51414800,16.69000053,16.56999969,16.56999969
31-05-2022,16.76000023,17.77000046,96583300,17.92000008,17.38999939,17.38999939
01-06-2022,17.47999954,17.59000015,92493700,18.93000031,17.56999969,17.56999969
02-06-2022,16.98999977,17.54000092,77825000,18.85000038,18.85000038,18.85000038
03-06-2022,17.80999947,18.42000008,57620700,18.73999977,18.07999992,18.07999992
06-06-2022,18.79999924,18.98999977,68726800,19.79999924,19.18000031,19.18000031
07-06-2022,18.60000038,18.97999954,49357200,19.68000031,19.64999962,19.64999962
08-06-2022,19.86000061,20.31999969,65311600,20.45000076,20.37999916,20.37999916
09-06-2022,18.45000076,18.71999931,73635000,19.68000031,18.81999969,18.81999969
10-06-2022,17.80999947,18.86000061,61204800,19.18000031,18.13999939,18.13999939
13-06-2022,15.84000015,17.31999969,60529400,17.48999977,15.98999977,15.98999977
14-06-2022,16.48999977,16.53000069,105582700,19.09000015,18.65999985,18.65999985
15-06-2022,18.18000031,18.95999908,121426000,20.26000023,20.11000061,20.11000061
16-06-2022,18.46999931,19.18000031,77244500,19.93000031,19.18000031,19.18000031
17-06-2022,19.72999954,19.77000046,82067300,20.88999939,20.77000046,20.77000046
21-06-2022,21.57999992,21.84000015,90287700,23.10000038,22.65999985,22.65999985
22-06-2022,21.93000031,22.34000015,81297100,23.12999916,22.54999924,22.54999924
23-06-2022,22.22999954,23.11000061,77502800,23.20999908,23.04999924,23.04999924
24-06-2022,23.15999985,23.21999931,67062600,24.17000008,24.07999992,24.07999992
27-06-2022,22.85000038,24.12999916,61701600,24.43000031,22.95000076,22.95000076
28-06-2022,22.02000046,22.36000061,76228500,23.45000076,22.36000061,22.36000061
29-06-2022,20.60000038,20.76000023,71582000,22.28000069,21.86000061,21.86000061
30-06-2022,20.89999962,21.86000061,53074100,22.12000084,21.71999931,21.71999931
01-07-2022,20.95000076,22.31999969,56855500,22.5,21.36000061,21.36000061
05-07-2022,20.35000038,21.04000092,50537400,22.20000076,22.18000031,22.18000031
06-07-2022,20.26000023,21.80999947,58981700,21.84000015,20.82999992,20.82999992
07-07-2022,21.36000061,21.39999962,72102000,23.10000038,22.5,22.5
08-07-2022,21.65999985,22.15999985,48917200,23.28000069,22.60000038,22.60000038
11-07-2022,20.5,21.60000038,54656800,21.73999977,20.56999969,20.56999969
12-07-2022,20.04000092,20.40999985,49780800,21.19000053,20.87000084,20.87000084
13-07-2022,20.22999954,20.22999954,50089200,21.79999924,21.09000015,21.09000015
14-07-2022,20.65999985,21.05999947,39870500,21.45000076,21.04999924,21.04999924
15-07-2022,19.93000031,20.84000015,41337800,20.89999962,20.71999931,20.71999931
18-07-2022,20.60000038,20.95999908,40382300,21.81999969,20.84000015,20.84000015
19-07-2022,19.52000046,21.10000038,63211700,21.10000038,20.20000076,20.20000076
20-07-2022,20.01000023,20.01000023,40381200,20.95000076,20.37000084,20.37000084
21-07-2022,20.15999985,20.15999985,39842100,21.17000008,20.68000031,20.68000031
22-07-2022,19,20.71999931,55606900,20.78000069,19.23999977,19.23999977
25-07-2022,18.77000046,18.97999954,30357200,19.5,19.32999992,19.32999992
26-07-2022,18.90999985,19.35000038,27669900,19.73999977,19.04000092,19.04000092
27-07-2022,18.75,19.13999939,32854100,19.5,19.37999916,19.37999916
28-07-2022,18.59000015,19.18000031,31078800,19.54999924,19.48999977,19.48999977
29-07-2022,18.65999985,18.80999947,36943000,19.84000015,19.72999954,19.72999954
01-08-2022,19.87000084,20.19000053,54375800,20.76000023,20.18000031,20.18000031
02-08-2022,19.61000061,19.68000031,51262000,20.95000076,20.18000031,20.18000031
03-08-2022,19.43000031,20.30999947,44049900,20.37000084,20.29999924,20.29999924
04-08-2022,20.32999992,20.38999939,37737400,21.46999931,20.89999962,20.89999962
05-08-2022,19.87999916,20.53000069,34056400,20.68000031,20.21999931,20.21999931
08-08-2022,20.14999962,20.25,29584800,20.79000092,20.17000008,20.17000008
09-08-2022,19.01000023,20.22999954,38118400,20.23999977,19.17000008,19.17000008
10-08-2022,19.06999969,19.57999992,35345700,20.06999969,20.04999924,20.04999924
11-08-2022,20.07999992,20.39999962,56333100,21.96999931,20.81999969,20.81999969
12-08-2022,19.79000092,20.26000023,34953500,21.17000008,21.11000061,21.11000061
15-08-2022,20.46999931,20.51000023,36347500,21.54999924,21.29999924,21.29999924
16-08-2022,20.40999985,21.14999962,32103200,21.14999962,20.90999985,20.90999985
17-08-2022,20.05999947,20.68000031,26455900,21.02000046,20.07999992,20.07999992
18-08-2022,19.51000023,20.02000046,21640100,20.18000031,19.90999985,19.90999985
19-08-2022,18.92000008,19.62000084,24262600,19.70999908,19.04999924,19.04999924
22-08-2022,18.65999985,18.87999916,27327900,19.26000023,18.95000076,18.95000076
23-08-2022,17.72999954,18.69000053,34210200,18.79999924,18.29000092,18.29000092
24-08-2022,18,18.01000023,29271000,19.22999954,18.87000084,18.87000084
25-08-2022,18.76000023,19.43000031,42455900,20.37000084,20.07999992,20.07999992
26-08-2022,19.80999947,20.77000046,61525400,21.26000023,19.92000008,19.92000008
29-08-2022,19.63999939,19.65999985,33245000,20.67000008,19.80999947,19.80999947
30-08-2022,19.29999924,19.85000038,29823800,20.21999931,19.82999992,19.82999992
31-08-2022,19.28000069,20.11000061,39383500,20.37999916,19.90999985,19.90999985
01-09-2022,18.09000015,19.28000069,47665700,19.35000038,18.79000092,18.79000092
02-09-2022,17.70999908,18.43000031,44132000,18.64999962,17.72999954,17.72999954
06-09-2022,17.09000015,17.60000038,32485200,17.80999947,17.11000061,17.11000061
07-09-2022,16.54000092,16.54000092,58645900,18.37000084,17.47999954,17.47999954
08-09-2022,16.98999977,17.37000084,30487800,17.70000076,17.68000031,17.68000031
09-09-2022,18.29000092,18.39999962,54913900,19.59000015,19.15999985,19.15999985
12-09-2022,20.01000023,20.10000038,86994000,21.87999916,21.75,21.75
13-09-2022,20.85000038,20.95000076,77974400,22.29999924,21.96999931,21.96999931
14-09-2022,21.03000069,21.46999931,47206700,22.09000015,21.94000053,21.94000053
15-09-2022,21.25,21.51000023,43787900,22.73999977,21.51000023,21.51000023
16-09-2022,19.95999908,21.10000038,65778700,21.35000038,20.14999962,20.14999962
19-09-2022,19.75,19.75,36244000,20.95999908,20.89999962,20.89999962
20-09-2022,20.20999908,20.70000076,29290000,20.95000076,20.40999985,20.40999985
21-09-2022,18.25,20.12000084,64553200,20.15999985,18.29999924,18.29999924
22-09-2022,18.09000015,18.51000023,36823100,19.18000031,18.35000038,18.35000038
23-09-2022,17.42000008,18,39484400,18.20999908,17.63999939,17.63999939
26-09-2022,17.53000069,17.77000046,42024500,18.39999962,17.62000084,17.62000084
27-09-2022,16.97999954,18.18000031,40675200,18.22999954,17.19000053,17.19000053
28-09-2022,16.65999985,16.79999924,37295600,17.45999908,17.32999992,17.32999992
29-09-2022,15.36999989,16.82999992,51517700,16.94000053,15.57999992,15.57999992
30-09-2022,15.19999981,15.21000004,39341300,16.14999962,15.77000046,15.77000046
03-10-2022,15.27999973,15.85000038,38423000,15.93999958,15.48999977,15.48999977
04-10-2022,15.94999981,16.17000008,45093600,16.87999916,16.72999954,16.72999954
05-10-2022,15.64000034,16.5,39737500,16.68000031,16.04000092,16.04000092
06-10-2022,14.76000023,16,67739000,16.23999977,14.77000046,14.77000046
07-10-2022,13.53999996,14.28999996,53268900,14.52999973,13.76000023,13.76000023
10-10-2022,13.02000046,13.65999985,48731700,13.72999954,13.27999973,13.27999973
11-10-2022,12.57999992,13.13000011,51761500,13.42000008,12.82999992,12.82999992
12-10-2022,12.47999954,12.93000031,50001300,13.46000004,12.88000011,12.88000011
13-10-2022,11.94999981,12.35000038,53451100,12.85000038,12.77999973,12.77999973
14-10-2022,11.72999954,12.98999977,59846600,13.18000031,11.75,11.75
17-10-2022,12.11999989,12.18999958,51097200,12.64000034,12.21000004,12.21000004
18-10-2022,12.09000015,13.07999992,58185400,13.22000027,12.21000004,12.21000004
19-10-2022,10.71000004,11.80000019,99014200,11.89999962,10.92000008,10.92000008
20-10-2022,10.88000011,11.02999973,47109300,11.43000031,10.97000027,10.97000027
21-10-2022,10.40999985,10.67000008,42496300,11.21000004,11.21000004,11.21000004
24-10-2022,8.380000114,10.01000023,166523700,10.02999973,9.449999809,9.449999809
25-10-2022,9.529999733,9.81000042,98189000,10.63000011,10.63000011,10.63000011
26-10-2022,10.22999954,10.43999958,79102800,11.09000015,10.81000042,10.81000042
27-10-2022,9.970000267,10.52999973,64014700,10.72999954,9.979999542,9.979999542
28-10-2022,9.279999733,9.5,74420600,9.979999542,9.68999958,9.68999958
31-10-2022,9.380000114,9.510000229,46879600,10.05000019,9.670000076,9.670000076
01-11-2022,9.68999958,10.32999992,56233200,10.44999981,9.710000038,9.710000038
02-11-2022,9.479999542,9.600000381,76033400,10.13000011,9.489999771,9.489999771
03-11-2022,9.029999733,9.18999958,64660300,10.17000008,9.93999958,9.93999958
04-11-2022,10.60000038,11,125406400,11.68999958,11.68000031,11.68000031
07-11-2022,10.69999981,12.22999954,84143600,12.38000011,10.97999954,10.97999954
08-11-2022,10.07999992,10.68000031,61734900,10.86999989,10.56000042,10.56000042
09-11-2022,9.140000343,10,81211800,10.18000031,9.25,9.25
10-11-2022,10.05000019,10.30000019,84026800,10.82999992,10.34000015,10.34000015
11-11-2022,10.53999996,10.78999996,100635600,11.68999958,11.56000042,11.56000042
14-11-2022,11.17000008,11.85999966,62563000,12.11999989,11.17000008,11.17000008
15-11-2022,11.35999966,11.90999985,63244200,11.94999981,11.51000023,11.51000023
16-11-2022,10.44999981,11.17000008,49624900,11.28999996,10.52999973,10.52999973
17-11-2022,9.930000305,10.25,62563500,10.72000027,10.67000008,10.67000008
18-11-2022,10.26000023,10.64999962,49320200,10.81000042,10.47000027,10.47000027
21-11-2022,9.670000076,10.22000027,53072100,10.25,10.02000046,10.02000046
22-11-2022,9.75,9.869999886,36096300,10.10000038,10.01000023,10.01000023
23-11-2022,10.23999977,10.31000042,49399100,10.73999977,10.56000042,10.56000042
25-11-2022,9.960000038,10.26000023,23487600,10.30000019,10.17000008,10.17000008
28-11-2022,9.989999771,10.05000019,39047000,10.63000011,10.11999989,10.11999989
29-11-2022,10.39000034,10.64999962,48292300,10.89999962,10.5,10.5
30-11-2022,11.34000015,11.34000015,173185000,13.27000046,12.77999973,12.77999973
01-12-2022,11.94999981,12.35000038,59583400,12.55000019,12.09000015,12.09000015
02-12-2022,11.97000027,12.06000042,106023900,13.31999969,13.13000011,13.13000011
05-12-2022,12.59000015,13.98999977,94815800,14.02999973,12.80000019,12.80000019
06-12-2022,12.43000031,13,62747600,13.27999973,13.23999977,13.23999977
07-12-2022,12.14999962,12.42000008,52840500,12.72000027,12.57999992,12.57999992
08-12-2022,12.88000011,13,52377700,13.55000019,13.40999985,13.40999985
09-12-2022,12.61999989,13.17000008,43899200,13.31999969,12.63000011,12.63000011
12-12-2022,12.15999985,12.30000019,17820526,12.57999992,12.35000038,12.35000038
