Date,Open
18-11-2010,35
19-11-2010,34.15000153
22-11-2010,34.20000076
23-11-2010,33.95000076
24-11-2010,33.72999954
26-11-2010,33.40999985
29-11-2010,33.79999924
30-11-2010,33.52999878
01-12-2010,34.65000153
02-12-2010,34.91999817
03-12-2010,34.54999924
06-12-2010,34.47999954
07-12-2010,34.75
08-12-2010,34.61000061
09-12-2010,34.36000061
10-12-2010,33.84999847
13-12-2010,33.95999908
14-12-2010,33.72999954
15-12-2010,33.81000137
16-12-2010,33.56999969
17-12-2010,33.52999878
20-12-2010,33.90999985
21-12-2010,33.86000061
22-12-2010,33.72000122
23-12-2010,34.66999817
27-12-2010,34.40999985
28-12-2010,35.38000107
29-12-2010,35.47000122
30-12-2010,36.09999847
31-12-2010,36.84000015
03-01-2011,37.31999969
04-01-2011,37.09999847
05-01-2011,37.47000122
06-01-2011,38.24000168
07-01-2011,38.84000015
10-01-2011,39.34000015
11-01-2011,38.65999985
12-01-2011,38.95000076
13-01-2011,38.65999985
14-01-2011,38.18000031
18-01-2011,38.04999924
19-01-2011,37.77999878
20-01-2011,37.11000061
21-01-2011,37.33000183
24-01-2011,37.70999908
25-01-2011,37.84999847
26-01-2011,38.75
27-01-2011,38.20000076
28-01-2011,38
31-01-2011,36.88999939
01-02-2011,36.93000031
02-02-2011,36.45999908
03-02-2011,35.97000122
04-02-2011,36.25
07-02-2011,36.95000076
08-02-2011,36.97000122
09-02-2011,36.81999969
10-02-2011,36.16999817
11-02-2011,35.75999832
14-02-2011,36.54999924
15-02-2011,36.18999863
16-02-2011,36.11000061
17-02-2011,36.54999924
18-02-2011,36.41999817
22-02-2011,35.86000061
23-02-2011,35.84999847
24-02-2011,34.90000153
25-02-2011,33.66999817
28-02-2011,33.49000168
01-03-2011,33.68999863
02-03-2011,32.90000153
03-03-2011,33.02999878
04-03-2011,33.06999969
07-03-2011,32.34999847
08-03-2011,31.73999977
09-03-2011,32.74000168
10-03-2011,31.46999931
11-03-2011,31.25
14-03-2011,32.13999939
15-03-2011,30.97999954
16-03-2011,32.41999817
17-03-2011,32.18000031
18-03-2011,31.73999977
21-03-2011,32.24000168
22-03-2011,31.28000069
23-03-2011,30.60000038
24-03-2011,31.31999969
25-03-2011,31.48999977
28-03-2011,31.57999992
29-03-2011,30.93000031
30-03-2011,31.15999985
31-03-2011,31.39999962
01-04-2011,31.38999939
04-04-2011,32.5
05-04-2011,32.31999969
06-04-2011,33
07-04-2011,32.84000015
08-04-2011,32.40000153
11-04-2011,31.34000015
12-04-2011,30.39999962
13-04-2011,31.22999954
14-04-2011,30.64999962
15-04-2011,30.59000015
18-04-2011,30.05999947
19-04-2011,29.80999947
20-04-2011,29.76000023
21-04-2011,30.04999924
25-04-2011,31
26-04-2011,31.38999939
27-04-2011,31.46999931
28-04-2011,31.76000023
29-04-2011,31.98999977
02-05-2011,32.40999985
03-05-2011,32.38000107
04-05-2011,33.15999985
05-05-2011,32.06000137
06-05-2011,32.5
09-05-2011,31.73999977
10-05-2011,31.46999931
11-05-2011,31.56999969
12-05-2011,31.06999969
13-05-2011,31.45999908
16-05-2011,31.25
17-05-2011,31.05999947
18-05-2011,31.06999969
19-05-2011,31.53000069
20-05-2011,31.36000061
23-05-2011,30.68000031
24-05-2011,31.12999916
25-05-2011,30.55999947
26-05-2011,31.07999992
27-05-2011,30.77000046
31-05-2011,31.44000053
01-06-2011,31.70000076
02-06-2011,30.32999992
03-06-2011,29.28000069
06-06-2011,29.02000046
07-06-2011,28.88999939
08-06-2011,28.52000046
09-06-2011,29.20000076
10-06-2011,29.29999924
13-06-2011,28.89999962
14-06-2011,28.92000008
15-06-2011,28.77000046
16-06-2011,28.70000076
17-06-2011,28.72999954
20-06-2011,28.87000084
21-06-2011,29.51000023
22-06-2011,29.62000084
23-06-2011,29.53000069
24-06-2011,30.14999962
27-06-2011,29.79000092
28-06-2011,30.20999908
29-06-2011,30.79000092
30-06-2011,30.29999924
01-07-2011,30.35000038
05-07-2011,30.87000084
06-07-2011,31.37000084
07-07-2011,31.79000092
08-07-2011,31.25
11-07-2011,30.97999954
12-07-2011,30.23999977
13-07-2011,30.87000084
14-07-2011,30.85000038
15-07-2011,30.38999939
18-07-2011,29.56999969
19-07-2011,29.20000076
20-07-2011,29.45000076
21-07-2011,29.38999939
22-07-2011,29.96999931
25-07-2011,29.53000069
26-07-2011,29.67000008
27-07-2011,28.89999962
28-07-2011,28.21999931
29-07-2011,27.62000084
01-08-2011,28.87999916
02-08-2011,27.75
03-08-2011,27.03000069
04-08-2011,27.15999985
05-08-2011,26.06999969
08-08-2011,24.61000061
09-08-2011,25.09000015
10-08-2011,24.65999985
11-08-2011,24.11000061
12-08-2011,26.29999924
15-08-2011,26.03000069
16-08-2011,26.21999931
17-08-2011,26
18-08-2011,23.98999977
19-08-2011,23.25
22-08-2011,22.54000092
23-08-2011,21.78000069
24-08-2011,21.88999939
25-08-2011,22.48999977
26-08-2011,22.20000076
29-08-2011,23.29999924
30-08-2011,23.45999908
31-08-2011,23.87000084
01-09-2011,24.09000015
02-09-2011,22.40999985
06-09-2011,21.36000061
07-09-2011,21.81999969
08-09-2011,22.79000092
09-09-2011,22.36000061
12-09-2011,21.14999962
13-09-2011,21.87000084
14-09-2011,22.21999931
15-09-2011,22.59000015
16-09-2011,22.68000031
19-09-2011,22.14999962
20-09-2011,23.04999924
21-09-2011,22.38999939
22-09-2011,20.59000015
23-09-2011,19.77000046
26-09-2011,21.31999969
27-09-2011,21.60000038
28-09-2011,21.20000076
29-09-2011,20.71999931
30-09-2011,20.44000053
03-10-2011,20.12999916
04-10-2011,19.45000076
05-10-2011,21.32999992
06-10-2011,22.29999924
07-10-2011,22.57999992
10-10-2011,22.51000023
11-10-2011,22.43000031
12-10-2011,22.94000053
13-10-2011,23.37999916
14-10-2011,23.68000031
17-10-2011,24.17000008
18-10-2011,23.19000053
19-10-2011,23.52000046
20-10-2011,23.02000046
21-10-2011,23.39999962
24-10-2011,24.28000069
25-10-2011,24.86000061
26-10-2011,25.02000046
27-10-2011,25.87000084
28-10-2011,26.21999931
31-10-2011,25.92000008
01-11-2011,24.81999969
02-11-2011,23.70000076
03-11-2011,23.81999969
04-11-2011,23.88999939
07-11-2011,23.93000031
08-11-2011,24.20000076
09-11-2011,23.06999969
10-11-2011,22.44000053
11-11-2011,22.95000076
14-11-2011,22.55999947
15-11-2011,22.80999947
16-11-2011,23.23999977
17-11-2011,22.71999931
18-11-2011,22.01000023
21-11-2011,21.10000038
22-11-2011,20.92000008
23-11-2011,20.47999954
25-11-2011,20.21999931
28-11-2011,20.95000076
29-11-2011,20.72999954
30-11-2011,21.02000046
01-12-2011,21.23999977
02-12-2011,21.35000038
05-12-2011,21.52000046
06-12-2011,21.60000038
07-12-2011,21.62000084
08-12-2011,21.76000023
09-12-2011,21.09000015
12-12-2011,20.65999985
13-12-2011,20.95999908
14-12-2011,19.95000076
15-12-2011,19.76000023
16-12-2011,20.15999985
19-12-2011,20.12000084
20-12-2011,19.42000008
21-12-2011,19.73999977
22-12-2011,20.25
23-12-2011,20.80999947
27-12-2011,20.43000031
28-12-2011,20.07999992
29-12-2011,19.85000038
30-12-2011,20.12000084
03-01-2012,20.82999992
04-01-2012,21.04999924
05-01-2012,21.10000038
06-01-2012,22.26000023
09-01-2012,23.20000076
10-01-2012,23.21999931
11-01-2012,23.37000084
12-01-2012,24.35000038
13-01-2012,24.27000046
17-01-2012,24.60000038
18-01-2012,24.27000046
19-01-2012,24.69000053
20-01-2012,24.93000031
23-01-2012,25.13999939
24-01-2012,24.84000015
25-01-2012,24.88999939
26-01-2012,25.10000038
27-01-2012,23.79999924
30-01-2012,24.05999947
31-01-2012,24.53000069
01-02-2012,24.32999992
02-02-2012,24.64999962
03-02-2012,25
06-02-2012,26.46999931
07-02-2012,26.62000084
08-02-2012,26.30999947
09-02-2012,25.95999908
10-02-2012,25.47999954
13-02-2012,26
14-02-2012,25.20999908
15-02-2012,25.72999954
16-02-2012,25.29000092
17-02-2012,27.17000008
21-02-2012,27.29999924
22-02-2012,27.07999992
23-02-2012,26.69000053
24-02-2012,26.89999962
27-02-2012,26.06999969
28-02-2012,26.48999977
29-02-2012,26.06999969
01-03-2012,26.19000053
02-03-2012,26.54999924
05-03-2012,26.27000046
06-03-2012,25.30999947
07-03-2012,24.75
08-03-2012,25.37000084
09-03-2012,25.70000076
12-03-2012,25.62000084
13-03-2012,25.47999954
14-03-2012,26.12999916
15-03-2012,26.37000084
16-03-2012,26.06999969
19-03-2012,25.5
20-03-2012,25.10000038
21-03-2012,25.17000008
22-03-2012,25.01000023
23-03-2012,25.04000092
26-03-2012,25.22999954
27-03-2012,25.42000008
28-03-2012,25.40999985
29-03-2012,25.02000046
30-03-2012,25.48999977
02-04-2012,26.03000069
03-04-2012,26.63999939
04-04-2012,25.10000038
05-04-2012,24.98999977
09-04-2012,24.21999931
10-04-2012,24.11000061
11-04-2012,23.84000015
12-04-2012,24.04999924
13-04-2012,24.21999931
16-04-2012,23.78000069
17-04-2012,23.59000015
18-04-2012,23.87000084
19-04-2012,24.09000015
20-04-2012,24.05999947
23-04-2012,23.17000008
24-04-2012,23.02000046
25-04-2012,23.14999962
26-04-2012,23.15999985
27-04-2012,23.80999947
30-04-2012,23.37999916
01-05-2012,23.04000092
02-05-2012,23.19000053
03-05-2012,23.12999916
04-05-2012,22.20000076
07-05-2012,21.87000084
08-05-2012,22.25
09-05-2012,21.87999916
10-05-2012,22.69000053
11-05-2012,22
14-05-2012,21.75
15-05-2012,21.56999969
16-05-2012,22.04999924
17-05-2012,21.94000053
18-05-2012,21.54000092
21-05-2012,21.34000015
22-05-2012,21.70999908
23-05-2012,21.32999992
24-05-2012,21.97999954
25-05-2012,22.04000092
29-05-2012,22.62000084
30-05-2012,22.5
31-05-2012,22.26000023
01-06-2012,21.64999962
04-06-2012,22.01000023
05-06-2012,20.97999954
06-06-2012,21.43000031
07-06-2012,22.11000061
08-06-2012,21.85000038
11-06-2012,22.28000069
12-06-2012,21.92000008
13-06-2012,22.04000092
14-06-2012,21.84000015
15-06-2012,21.76000023
18-06-2012,21.54000092
19-06-2012,21.43000031
20-06-2012,21.78000069
21-06-2012,21.45000076
22-06-2012,20.95000076
25-06-2012,20.31999969
26-06-2012,19.94000053
27-06-2012,19.82999992
28-06-2012,19.63999939
29-06-2012,20
02-07-2012,19.70000076
03-07-2012,19.79999924
05-07-2012,20.75
06-07-2012,20.35000038
09-07-2012,20.20999908
10-07-2012,20.25
11-07-2012,19.75
12-07-2012,19.61000061
13-07-2012,19.32999992
16-07-2012,19.46999931
17-07-2012,19.54999924
18-07-2012,19.62000084
19-07-2012,20.12000084
20-07-2012,20.02000046
23-07-2012,19.09000015
24-07-2012,19.25
25-07-2012,19.10000038
26-07-2012,19.02000046
27-07-2012,19.13999939
30-07-2012,19.54999924
31-07-2012,19.45999908
01-08-2012,19.78000069
02-08-2012,19.59000015
03-08-2012,19.26000023
06-08-2012,20.04999924
07-08-2012,19.92000008
08-08-2012,20.13999939
09-08-2012,20.37000084
10-08-2012,20.52000046
13-08-2012,20.52000046
14-08-2012,20.62999916
15-08-2012,20.20999908
16-08-2012,20.12000084
17-08-2012,21.35000038
20-08-2012,21.75
21-08-2012,21.95000076
22-08-2012,21.57999992
23-08-2012,21.61000061
24-08-2012,21.20999908
27-08-2012,21.20000076
28-08-2012,21
29-08-2012,20.89999962
30-08-2012,21.25
31-08-2012,21.29999924
04-09-2012,21.25
05-09-2012,21.21999931
06-09-2012,21.79000092
07-09-2012,22.54999924
10-09-2012,23.28000069
11-09-2012,22.97999954
12-09-2012,23.13999939
13-09-2012,23.04999924
14-09-2012,23.69000053
17-09-2012,23.92000008
18-09-2012,24.29000092
19-09-2012,24.36000061
20-09-2012,24.34000015
21-09-2012,24.54000092
24-09-2012,24.51000023
25-09-2012,24.43000031
26-09-2012,23.25
27-09-2012,23.67000008
28-09-2012,23
01-10-2012,23
02-10-2012,23.5
03-10-2012,23.70999908
04-10-2012,24.54999924
05-10-2012,24.87999916
08-10-2012,24.79000092
09-10-2012,24.73999977
10-10-2012,24.40999985
11-10-2012,24.40999985
12-10-2012,24.55999947
15-10-2012,24.51000023
16-10-2012,24.52000046
17-10-2012,24.89999962
18-10-2012,25.09000015
19-10-2012,25.43000031
22-10-2012,24.55999947
23-10-2012,24.06999969
24-10-2012,24.14999962
25-10-2012,23.97999954
26-10-2012,23.61000061
31-10-2012,24.29999924
01-11-2012,25.53000069
02-11-2012,25.80999947
05-11-2012,25.44000053
06-11-2012,25.59000015
07-11-2012,25.63999939
08-11-2012,25.21999931
09-11-2012,24.37999916
12-11-2012,25.04999924
13-11-2012,24.88999939
14-11-2012,24.93000031
15-11-2012,24.18000031
16-11-2012,23.92000008
19-11-2012,24.27000046
20-11-2012,24.89999962
21-11-2012,24.56999969
23-11-2012,24.95999908
26-11-2012,25.17000008
27-11-2012,25.13999939
28-11-2012,24.69000053
29-11-2012,25.61000061
30-11-2012,25.88999939
03-12-2012,26.05999947
04-12-2012,25.34000015
05-12-2012,25.37000084
06-12-2012,24.90999985
07-12-2012,24.76000023
10-12-2012,25.05999947
11-12-2012,25.30999947
12-12-2012,25.54000092
13-12-2012,25.55999947
14-12-2012,25.07999992
17-12-2012,24.67000008
18-12-2012,24.97999954
19-12-2012,27.44000053
20-12-2012,27
21-12-2012,26.73999977
24-12-2012,27.30999947
26-12-2012,27.62999916
27-12-2012,27.73999977
28-12-2012,27.65999985
31-12-2012,27.76000023
02-01-2013,29.40999985
03-01-2013,29.04999924
04-01-2013,29.73999977
07-01-2013,29.63999939
08-01-2013,29.65999985
09-01-2013,29.57999992
10-01-2013,30.28000069
11-01-2013,30.37999916
14-01-2013,30.14999962
15-01-2013,30.11000061
16-01-2013,29.56999969
17-01-2013,29.47999954
18-01-2013,29.44000053
22-01-2013,29.19000053
23-01-2013,28.57999992
24-01-2013,28.59000015
25-01-2013,28.95999908
28-01-2013,29.04999924
29-01-2013,28.79999924
30-01-2013,28.28000069
31-01-2013,27.79999924
01-02-2013,28.38999939
04-02-2013,27.88999939
05-02-2013,28.03000069
06-02-2013,28.35000038
07-02-2013,28.68000031
08-02-2013,28.54000092
11-02-2013,28.51000023
12-02-2013,28.43000031
13-02-2013,28.75
14-02-2013,28.73999977
15-02-2013,27.59000015
19-02-2013,27.69000053
20-02-2013,27.80999947
21-02-2013,27.02000046
22-02-2013,26.39999962
25-02-2013,27.11000061
26-02-2013,26.64999962
27-02-2013,26.79999924
28-02-2013,27.5
01-03-2013,26.82999992
04-03-2013,27.13999939
05-03-2013,27.21999931
06-03-2013,27.76000023
07-03-2013,27.86000061
08-03-2013,27.90999985
11-03-2013,27.95000076
12-03-2013,28.26000023
13-03-2013,28.37999916
14-03-2013,28.04999924
15-03-2013,27.95999908
18-03-2013,27.95000076
19-03-2013,28.10000038
20-03-2013,28.25
21-03-2013,28.90999985
22-03-2013,28.62000084
25-03-2013,28.38999939
26-03-2013,28.28000069
27-03-2013,28.04999924
28-03-2013,28.02000046
01-04-2013,27.64999962
02-04-2013,27.95999908
03-04-2013,28
04-04-2013,27.75
05-04-2013,27.37999916
08-04-2013,27.5
09-04-2013,27.77000046
10-04-2013,27.69000053
11-04-2013,28.48999977
12-04-2013,29.56999969
15-04-2013,29.40999985
16-04-2013,29.17000008
17-04-2013,29.03000069
18-04-2013,29.25
19-04-2013,29.10000038
22-04-2013,29.20000076
23-04-2013,29.34000015
24-04-2013,29.90999985
25-04-2013,30.05999947
26-04-2013,30.79000092
29-04-2013,30.62000084
30-04-2013,30.77000046
01-05-2013,30.77000046
02-05-2013,31.30999947
03-05-2013,31.73999977
06-05-2013,32.02000046
07-05-2013,31.92000008
08-05-2013,31.40999985
09-05-2013,32.00999832
10-05-2013,31.54999924
13-05-2013,31.15999985
14-05-2013,31.02000046
15-05-2013,31.54999924
16-05-2013,32.09000015
17-05-2013,32.99000168
20-05-2013,33.36999893
21-05-2013,33.59000015
22-05-2013,33.22000122
23-05-2013,32.33000183
24-05-2013,32.54999924
28-05-2013,34
29-05-2013,33.70999908
30-05-2013,34.04000092
31-05-2013,34.52999878
03-06-2013,34.56999969
04-06-2013,35.40000153
05-06-2013,35
06-06-2013,34.11999893
07-06-2013,34.79000092
10-06-2013,35.18000031
11-06-2013,34.36999893
12-06-2013,34.27999878
13-06-2013,33.36000061
14-06-2013,34.45999908
17-06-2013,34.5
18-06-2013,33.79999924
19-06-2013,34.02000046
20-06-2013,33.40999985
21-06-2013,32.95999908
24-06-2013,31.76000023
25-06-2013,31.75
26-06-2013,32.18000031
27-06-2013,32.91999817
28-06-2013,33.02000046
01-07-2013,33.52000046
02-07-2013,34.04000092
03-07-2013,33.93999863
05-07-2013,34.34999847
08-07-2013,34.77999878
09-07-2013,34.90000153
10-07-2013,34.90000153
11-07-2013,35.72000122
12-07-2013,36.09000015
15-07-2013,36.59999847
16-07-2013,36.86999893
17-07-2013,36.22999954
18-07-2013,36.5
19-07-2013,36.88999939
22-07-2013,36.61999893
23-07-2013,36.88999939
24-07-2013,37.11000061
25-07-2013,37.47000122
26-07-2013,36.93000031
29-07-2013,36.56999969
30-07-2013,36.52999878
31-07-2013,36.61999893
01-08-2013,36.38999939
02-08-2013,36.43999863
05-08-2013,37.02999878
06-08-2013,36.43999863
07-08-2013,36.00999832
08-08-2013,35.61000061
09-08-2013,35.95999908
12-08-2013,35.75999832
13-08-2013,36.20999908
14-08-2013,35.84000015
15-08-2013,35.16999817
16-08-2013,34.59000015
19-08-2013,34.56000137
20-08-2013,34.56000137
21-08-2013,34.77999878
22-08-2013,34.65999985
23-08-2013,35.13999939
26-08-2013,35.02999878
27-08-2013,34.43999863
28-08-2013,33.56999969
29-08-2013,33.81999969
30-08-2013,34.5
03-09-2013,34.68000031
04-09-2013,34.20000076
05-09-2013,36.00999832
06-09-2013,36.40000153
09-09-2013,36.34000015
10-09-2013,36.93999863
11-09-2013,36.52999878
12-09-2013,36.36999893
13-09-2013,36.49000168
16-09-2013,36.47000122
17-09-2013,36.31999969
18-09-2013,36.75999832
19-09-2013,37.84000015
20-09-2013,37.63999939
23-09-2013,37.15000153
24-09-2013,37.15999985
25-09-2013,37.52999878
26-09-2013,37.18999863
27-09-2013,36.77000046
30-09-2013,35.70999908
01-10-2013,36.04000092
02-10-2013,35.74000168
03-10-2013,35.75999832
04-10-2013,35.43999863
07-10-2013,35.22999954
08-10-2013,35.25
09-10-2013,34.33000183
10-10-2013,34.74000168
11-10-2013,34.79000092
14-10-2013,34.83000183
15-10-2013,35.27999878
16-10-2013,35.02000046
17-10-2013,35.15999985
18-10-2013,36.20999908
21-10-2013,36.25999832
22-10-2013,35.61999893
23-10-2013,35.38000107
24-10-2013,35.49000168
25-10-2013,35.66999817
28-10-2013,35.43999863
29-10-2013,35.81999969
30-10-2013,37.20000076
31-10-2013,37.18000031
01-11-2013,37.16999817
04-11-2013,37.5
05-11-2013,37.27999878
06-11-2013,37.24000168
07-11-2013,36.61000061
08-11-2013,36.15000153
11-11-2013,36.68000031
12-11-2013,36.66999817
13-11-2013,36.5
14-11-2013,38.70000076
15-11-2013,38.50999832
18-11-2013,38.81000137
19-11-2013,38.56999969
20-11-2013,38.11000061
21-11-2013,38.84999847
22-11-2013,38.20000076
25-11-2013,37.75
26-11-2013,37.70000076
27-11-2013,37.70999908
29-11-2013,38.90000153
02-12-2013,39.09999847
03-12-2013,38.88999939
04-12-2013,38.52999878
05-12-2013,38.99000168
06-12-2013,39.99000168
09-12-2013,40.38000107
10-12-2013,40.54999924
11-12-2013,40.75999832
12-12-2013,40.09999847
13-12-2013,40.18999863
16-12-2013,40.56000137
17-12-2013,41.65999985
18-12-2013,41.16999817
19-12-2013,41.13999939
20-12-2013,40.47999954
23-12-2013,40.90000153
24-12-2013,41.25
26-12-2013,41.04000092
27-12-2013,41.31000137
30-12-2013,41
31-12-2013,40.70000076
02-01-2014,40.68000031
03-01-2014,40.91999817
06-01-2014,39.90000153
07-01-2014,40.70000076
08-01-2014,40.33000183
09-01-2014,40.88000107
10-01-2014,40.59999847
13-01-2014,40.15999985
14-01-2014,39.77000046
15-01-2014,39.63000107
16-01-2014,39.31000137
17-01-2014,39.06999969
21-01-2014,38.88999939
22-01-2014,38.40000153
23-01-2014,38.34000015
24-01-2014,38.06999969
27-01-2014,36.79999924
28-01-2014,37.15999985
29-01-2014,36.06000137
30-01-2014,36.88000107
31-01-2014,36.22000122
03-02-2014,36.27000046
04-02-2014,35.47000122
05-02-2014,35.84000015
06-02-2014,34.43000031
07-02-2014,35.97000122
10-02-2014,35.90999985
11-02-2014,35.22000122
12-02-2014,35.49000168
13-02-2014,35.16999817
14-02-2014,35.36999893
18-02-2014,36.43000031
19-02-2014,36.22000122
20-02-2014,36.18999863
21-02-2014,36.68000031
24-02-2014,36.70000076
25-02-2014,36.66999817
26-02-2014,35.95000076
27-02-2014,36.56000137
28-02-2014,36.72999954
03-03-2014,35.70000076
04-03-2014,36.52999878
05-03-2014,37.54000092
06-03-2014,37.86999893
07-03-2014,37.93999863
10-03-2014,37.56000137
11-03-2014,37
12-03-2014,34.75999832
13-03-2014,35.04000092
14-03-2014,33.84999847
17-03-2014,34.13999939
18-03-2014,34.68000031
19-03-2014,35.27999878
20-03-2014,34.79000092
21-03-2014,35.38999939
24-03-2014,34.68999863
25-03-2014,35.13000107
26-03-2014,34.68000031
27-03-2014,34.27999878
28-03-2014,34.63999939
31-03-2014,34.52999878
01-04-2014,34.5
02-04-2014,34.65000153
03-04-2014,34.93999863
04-04-2014,35.58000183
07-04-2014,34.66999817
08-04-2014,34.15000153
09-04-2014,33.90000153
10-04-2014,33.70999908
11-04-2014,33
14-04-2014,32.29000092
15-04-2014,32.81000137
16-04-2014,33.68999863
17-04-2014,33.83000183
21-04-2014,33.95000076
22-04-2014,34.02999878
23-04-2014,34.29000092
24-04-2014,35.5
25-04-2014,33.54999924
28-04-2014,33.93000031
29-04-2014,33.70000076
30-04-2014,33.84000015
01-05-2014,34.66999817
02-05-2014,35.02999878
05-05-2014,34.84000015
06-05-2014,35.06999969
07-05-2014,34.95999908
08-05-2014,34.97999954
09-05-2014,34.79999924
12-05-2014,34.38000107
13-05-2014,34.84000015
14-05-2014,35.09999847
15-05-2014,34.61000061
16-05-2014,33.75
19-05-2014,33.84000015
20-05-2014,34.15999985
21-05-2014,33.15000153
22-05-2014,33.38999939
23-05-2014,33.49000168
27-05-2014,33.91999817
28-05-2014,34.09000015
29-05-2014,34.59999847
30-05-2014,34.29999924
02-06-2014,34.54000092
03-06-2014,35.11999893
04-06-2014,35.5
05-06-2014,36.95999908
06-06-2014,36.06999969
09-06-2014,36.47000122
10-06-2014,36.27999878
11-06-2014,36.22999954
12-06-2014,36
13-06-2014,35.38000107
16-06-2014,35.49000168
17-06-2014,35.86999893
18-06-2014,36.36000061
19-06-2014,36.34999847
20-06-2014,36.54999924
23-06-2014,36.20999908
24-06-2014,36.61999893
25-06-2014,36.45999908
26-06-2014,36.88999939
27-06-2014,36.72999954
30-06-2014,36.59000015
01-07-2014,36.25
02-07-2014,37.5
03-07-2014,37.95999908
07-07-2014,37.90999985
08-07-2014,37.40999985
09-07-2014,37.65999985
10-07-2014,37.47999954
11-07-2014,37.72000122
14-07-2014,38.09999847
15-07-2014,37.61000061
16-07-2014,37.77000046
17-07-2014,37.31000137
18-07-2014,37.34000015
21-07-2014,37.38000107
22-07-2014,37.56000137
23-07-2014,37.79000092
24-07-2014,36.66999817
25-07-2014,35.09999847
28-07-2014,35.02999878
29-07-2014,35.00999832
30-07-2014,34.5
31-07-2014,34.15000153
01-08-2014,33.79000092
04-08-2014,33.75999832
05-08-2014,33.56999969
06-08-2014,33.22999954
07-08-2014,33.56000137
08-08-2014,33.09000015
11-08-2014,33.63999939
12-08-2014,33.75
13-08-2014,33.93000031
14-08-2014,33.81000137
15-08-2014,34.04999924
18-08-2014,34.09000015
19-08-2014,34.68999863
20-08-2014,34.49000168
21-08-2014,34.61999893
22-08-2014,34.50999832
25-08-2014,34.43000031
26-08-2014,34.75999832
27-08-2014,34.91999817
28-08-2014,34.49000168
29-08-2014,34.74000168
02-09-2014,34.88000107
03-09-2014,35.06000137
04-09-2014,34.49000168
05-09-2014,34.59000015
08-09-2014,34.02999878
09-09-2014,33.20000076
10-09-2014,33.11999893
11-09-2014,33.15999985
12-09-2014,33.47999954
15-09-2014,33.15999985
16-09-2014,33.49000168
17-09-2014,33.72000122
18-09-2014,33.93000031
19-09-2014,34.22999954
22-09-2014,33.74000168
23-09-2014,33.24000168
24-09-2014,33.33000183
25-09-2014,33.56999969
26-09-2014,33.04000092
29-09-2014,32.97000122
30-09-2014,32.24000168
01-10-2014,31.96999931
02-10-2014,32.52999878
03-10-2014,33.43000031
06-10-2014,33.84000015
07-10-2014,33.04000092
08-10-2014,31.84000015
09-10-2014,32.09000015
10-10-2014,30.28000069
13-10-2014,30.29000092
14-10-2014,29.89999962
15-10-2014,29.67000008
16-10-2014,29.12999916
17-10-2014,30.37999916
20-10-2014,30.21999931
21-10-2014,30.5
22-10-2014,30.61000061
23-10-2014,31.95000076
24-10-2014,31.04000092
27-10-2014,30.14999962
28-10-2014,30.38999939
29-10-2014,31.20000076
30-10-2014,30.56999969
31-10-2014,31.14999962
03-11-2014,31.35000038
04-11-2014,31.04000092
05-11-2014,31.14999962
06-11-2014,30.70000076
07-11-2014,31.30999947
10-11-2014,31.32999992
11-11-2014,31.04000092
12-11-2014,31.29999924
13-11-2014,31.51000023
14-11-2014,31.64999962
17-11-2014,32
18-11-2014,32.40999985
19-11-2014,32.20999908
20-11-2014,31.95999908
21-11-2014,32.54000092
24-11-2014,32.25
25-11-2014,32.25
26-11-2014,32.27000046
28-11-2014,32.40000153
01-12-2014,33.31000137
02-12-2014,33.04999924
03-12-2014,33.36999893
04-12-2014,33.65999985
05-12-2014,33.22999954
08-12-2014,33.52000046
09-12-2014,32.27999878
10-12-2014,32.72000122
11-12-2014,32.13999939
12-12-2014,31.94000053
15-12-2014,31.70000076
16-12-2014,30.62000084
17-12-2014,30.80999947
18-12-2014,31.63999939
19-12-2014,31.76000023
22-12-2014,32.63000107
23-12-2014,33.47999954
24-12-2014,33.52999878
26-12-2014,33.54999924
29-12-2014,33.86999893
30-12-2014,34.56000137
31-12-2014,35.24000168
02-01-2015,35.27000046
05-01-2015,34.97999954
06-01-2015,34.40999985
07-01-2015,35.22999954
08-01-2015,36.06000137
09-01-2015,36.20999908
12-01-2015,35.81000137
13-01-2015,36.08000183
14-01-2015,34.36000061
15-01-2015,34.77999878
16-01-2015,33.31000137
20-01-2015,33.90000153
21-01-2015,33.81999969
22-01-2015,34.15000153
23-01-2015,33.90000153
26-01-2015,33.70999908
27-01-2015,33.40000153
28-01-2015,33.50999832
29-01-2015,32.90999985
30-01-2015,32.88000107
02-02-2015,32.66999817
03-02-2015,33.5
04-02-2015,35.27000046
05-02-2015,36.27999878
06-02-2015,36.25999832
09-02-2015,35.79000092
10-02-2015,37.27999878
11-02-2015,37.50999832
12-02-2015,37.84999847
13-02-2015,37.93000031
17-02-2015,37.20000076
18-02-2015,37.25
19-02-2015,37.02999878
20-02-2015,37.49000168
23-02-2015,37.61999893
24-02-2015,37.61999893
25-02-2015,37.79000092
26-02-2015,37.81000137
27-02-2015,37.38000107
02-03-2015,37.31000137
03-03-2015,37.38000107
04-03-2015,37.63000107
05-03-2015,37.63999939
06-03-2015,37.45999908
09-03-2015,37.54999924
10-03-2015,37.43000031
11-03-2015,37.59999847
12-03-2015,37.86000061
13-03-2015,38.38999939
16-03-2015,38.27000046
17-03-2015,38.15000153
18-03-2015,38.16999817
19-03-2015,38.45000076
20-03-2015,38.75999832
23-03-2015,38.81000137
24-03-2015,38.52000046
25-03-2015,37.88000107
26-03-2015,37.70000076
27-03-2015,37.34000015
30-03-2015,37.58000183
31-03-2015,37.68000031
01-04-2015,37.27000046
02-04-2015,36.61000061
06-04-2015,36.25999832
07-04-2015,35.99000168
08-04-2015,35.88999939
09-04-2015,36.09999847
10-04-2015,36.74000168
13-04-2015,36.63000107
14-04-2015,36.45999908
15-04-2015,36.81999969
16-04-2015,37.13000107
17-04-2015,36.83000183
20-04-2015,36.95000076
21-04-2015,37.33000183
22-04-2015,37.13000107
23-04-2015,36.25
24-04-2015,35.72000122
27-04-2015,35.65000153
28-04-2015,35.75
29-04-2015,35.5
30-04-2015,35.25999832
01-05-2015,35.16999817
04-05-2015,35.5
05-05-2015,35.40000153
06-05-2015,35.13999939
07-05-2015,34.63999939
08-05-2015,35.04999924
11-05-2015,35.29999924
12-05-2015,34.95999908
13-05-2015,34.77999878
14-05-2015,35
15-05-2015,34.70000076
18-05-2015,34.97000122
19-05-2015,35.16999817
20-05-2015,35.24000168
21-05-2015,35
22-05-2015,35.52000046
26-05-2015,35.45000076
27-05-2015,35.52000046
28-05-2015,36.11000061
29-05-2015,36.49000168
01-06-2015,36.06000137
02-06-2015,36.09000015
03-06-2015,36.36999893
04-06-2015,35.65999985
05-06-2015,35.5
08-06-2015,34.86000061
09-06-2015,35.11000061
10-06-2015,35.45000076
11-06-2015,35.72000122
12-06-2015,35.38000107
15-06-2015,35.34999847
16-06-2015,35.36000061
17-06-2015,35.68000031
18-06-2015,35.86999893
19-06-2015,36.11999893
22-06-2015,36.29000092
23-06-2015,36.36999893
24-06-2015,35.90999985
25-06-2015,35.20999908
26-06-2015,34.70000076
29-06-2015,34.11999893
30-06-2015,33.5
01-07-2015,33.61000061
02-07-2015,33.18999863
06-07-2015,32.84999847
07-07-2015,32.61999893
08-07-2015,32.38999939
09-07-2015,31.62000084
10-07-2015,31.29999924
13-07-2015,31.87000084
14-07-2015,31.59000015
15-07-2015,31.85000038
16-07-2015,31.13999939
17-07-2015,30.63999939
20-07-2015,30.85000038
21-07-2015,30.51000023
22-07-2015,30.32999992
23-07-2015,32.65999985
24-07-2015,31.89999962
27-07-2015,30.95000076
28-07-2015,31.48999977
29-07-2015,31.47999954
30-07-2015,31.88999939
31-07-2015,32.08000183
03-08-2015,31.79000092
04-08-2015,31.65999985
05-08-2015,31.77000046
06-08-2015,31.59000015
07-08-2015,32.09000015
10-08-2015,31.95000076
11-08-2015,31.29000092
12-08-2015,30.43000031
13-08-2015,30.87000084
14-08-2015,31.13999939
17-08-2015,31.46999931
18-08-2015,31.40999985
19-08-2015,31.61000061
20-08-2015,31.45999908
21-08-2015,30.45999908
24-08-2015,27.29999924
25-08-2015,29.20000076
26-08-2015,27.62000084
27-08-2015,28.52000046
28-08-2015,28.60000038
31-08-2015,29.09000015
01-09-2015,29.18000031
02-09-2015,29.01000023
03-09-2015,29.37999916
04-09-2015,28.78000069
08-09-2015,29.5
09-09-2015,30.20000076
10-09-2015,29.19000053
11-09-2015,30.01000023
14-09-2015,30.11000061
15-09-2015,30.77000046
16-09-2015,31.07999992
17-09-2015,31.25
18-09-2015,30.97999954
21-09-2015,30.67000008
22-09-2015,29.42000008
23-09-2015,30.01000023
24-09-2015,29.40999985
25-09-2015,29.79000092
28-09-2015,29.29000092
29-09-2015,28.65999985
30-09-2015,29.62000084
01-10-2015,30.29000092
02-10-2015,30.20000076
05-10-2015,31.89999962
06-10-2015,31.80999947
07-10-2015,32.45000076
08-10-2015,32.95000076
09-10-2015,33.34000015
12-10-2015,33.04000092
13-10-2015,32.84999847
14-10-2015,33.20000076
15-10-2015,33.54999924
16-10-2015,33.36999893
19-10-2015,33
20-10-2015,33.18000031
21-10-2015,34.95999908
22-10-2015,35.63999939
23-10-2015,35.54000092
26-10-2015,35.90000153
27-10-2015,35.38999939
28-10-2015,34.99000168
29-10-2015,35.04000092
30-10-2015,34.84999847
02-11-2015,34.88000107
03-11-2015,35.52999878
04-11-2015,35.83000183
05-11-2015,35.52999878
06-11-2015,35.31999969
09-11-2015,35.97999954
10-11-2015,35.54000092
11-11-2015,35.74000168
12-11-2015,35.34000015
13-11-2015,34.97000122
16-11-2015,34.31000137
17-11-2015,34.31000137
18-11-2015,35.40000153
19-11-2015,36.43000031
20-11-2015,36.31000137
23-11-2015,36.38999939
24-11-2015,35.75999832
25-11-2015,36.15000153
27-11-2015,36.36000061
30-11-2015,36.59999847
01-12-2015,35.95000076
02-12-2015,36.31000137
03-12-2015,35.83000183
04-12-2015,35.59999847
07-12-2015,36.45999908
08-12-2015,35.83000183
09-12-2015,35.29999924
10-12-2015,35.25
11-12-2015,35.13999939
14-12-2015,34.77999878
15-12-2015,34.75
16-12-2015,34.34999847
17-12-2015,35.15000153
18-12-2015,33.95999908
21-12-2015,33.79000092
22-12-2015,34.20999908
23-12-2015,34.50999832
24-12-2015,34.72000122
28-12-2015,34.52999878
29-12-2015,34.65999985
30-12-2015,34.31999969
31-12-2015,34.20999908
04-01-2016,33.45000076
05-01-2016,33.33000183
06-01-2016,31.95000076
07-01-2016,30.26000023
08-01-2016,30.45999908
11-01-2016,30.37000084
12-01-2016,30.62999916
13-01-2016,31.82999992
14-01-2016,30.80999947
15-01-2016,29.45999908
19-01-2016,29.93000031
20-01-2016,28.86000061
21-01-2016,29.45999908
22-01-2016,30.15999985
25-01-2016,29.32999992
26-01-2016,29.40999985
27-01-2016,29.71999931
28-01-2016,29.46999931
29-01-2016,29.17000008
01-02-2016,29.45999908
02-02-2016,29.98999977
03-02-2016,30.10000038
04-02-2016,28.94000053
05-02-2016,28.67000008
08-02-2016,28.28000069
09-02-2016,28.12999916
10-02-2016,28.12000084
11-02-2016,27.47999954
12-02-2016,27.22999954
16-02-2016,28
17-02-2016,28.86000061
18-02-2016,29.45000076
19-02-2016,28.87999916
22-02-2016,28.78000069
23-02-2016,29.40999985
24-02-2016,28.71999931
25-02-2016,28.82999992
26-02-2016,29.72999954
29-02-2016,29.37000084
01-03-2016,30.02000046
02-03-2016,30
03-03-2016,30.26000023
04-03-2016,31.21999931
07-03-2016,31.30999947
08-03-2016,31.39999962
09-03-2016,30.46999931
10-03-2016,30.71999931
11-03-2016,31.04999924
14-03-2016,31.18000031
15-03-2016,30.86000061
16-03-2016,30.82999992
17-03-2016,31.72999954
18-03-2016,32.08000183
21-03-2016,32.11000061
22-03-2016,32.08000183
23-03-2016,31.92000008
24-03-2016,30.87999916
28-03-2016,31.12999916
29-03-2016,31.04000092
30-03-2016,31.44000053
31-03-2016,31.01000023
01-04-2016,31.18000031
04-04-2016,30.39999962
05-04-2016,29.67000008
06-04-2016,29.65999985
07-04-2016,29.85000038
08-04-2016,29.67000008
11-04-2016,29.48999977
12-04-2016,29.55999947
13-04-2016,30.01000023
14-04-2016,30.84000015
15-04-2016,30.68000031
18-04-2016,30.76000023
19-04-2016,31.64999962
20-04-2016,32
21-04-2016,33.18000031
22-04-2016,32.65999985
25-04-2016,32.09000015
26-04-2016,32
27-04-2016,32.18000031
28-04-2016,31.96999931
29-04-2016,32.34999847
02-05-2016,32.04999924
03-05-2016,31.56999969
04-05-2016,31
05-05-2016,30.79000092
06-05-2016,30.72999954
09-05-2016,31
10-05-2016,30.89999962
11-05-2016,31.31999969
12-05-2016,31.20000076
13-05-2016,30.87000084
16-05-2016,30.5
17-05-2016,30.39999962
18-05-2016,30.55999947
19-05-2016,30.51000023
20-05-2016,30.51000023
23-05-2016,30.5
24-05-2016,30.64999962
25-05-2016,31.19000053
26-05-2016,31.64999962
27-05-2016,31.30999947
31-05-2016,31.54000092
01-06-2016,31.14999962
02-06-2016,30.12999916
03-06-2016,30.09000015
06-06-2016,29.85000038
07-06-2016,30.15999985
08-06-2016,30
09-06-2016,29.47999954
10-06-2016,29.21999931
13-06-2016,28.85000038
14-06-2016,29.06999969
15-06-2016,28.97999954
16-06-2016,28.67000008
17-06-2016,29.13999939
20-06-2016,29.62000084
21-06-2016,29.63999939
22-06-2016,29.34000015
23-06-2016,29.59000015
24-06-2016,28.57999992
27-06-2016,28.09000015
28-06-2016,27.93000031
29-06-2016,28
30-06-2016,28.18000031
01-07-2016,28.69000053
05-07-2016,28.63999939
06-07-2016,28
07-07-2016,28.48999977
08-07-2016,29.27000046
11-07-2016,29.79000092
12-07-2016,30.45000076
13-07-2016,30.62999916
14-07-2016,30.87999916
15-07-2016,30.81999969
18-07-2016,30.75
19-07-2016,30.70000076
20-07-2016,31.42000008
21-07-2016,31.48999977
22-07-2016,32.09999847
25-07-2016,32.18999863
26-07-2016,31.97999954
27-07-2016,32.18000031
28-07-2016,31.04999924
29-07-2016,30.79000092
01-08-2016,31.54000092
02-08-2016,31.03000069
03-08-2016,30
04-08-2016,30.23999977
05-08-2016,30.51000023
08-08-2016,30.92000008
09-08-2016,30.90999985
10-08-2016,31.03000069
11-08-2016,31.43000031
12-08-2016,31.60000038
15-08-2016,31.59000015
16-08-2016,31.80999947
17-08-2016,31.70999908
18-08-2016,31.79999924
19-08-2016,31.47999954
22-08-2016,31.79000092
23-08-2016,31.96999931
24-08-2016,31.84000015
25-08-2016,31.70999908
26-08-2016,31.67000008
29-08-2016,31.78000069
30-08-2016,31.80999947
31-08-2016,31.67000008
01-09-2016,31.86000061
02-09-2016,31.87999916
06-09-2016,32.25
07-09-2016,31.98999977
08-09-2016,31.85000038
09-09-2016,31.44000053
12-09-2016,30.36000061
13-09-2016,31.02000046
14-09-2016,30.79000092
15-09-2016,30.75
16-09-2016,31.12999916
19-09-2016,31.89999962
20-09-2016,31.90999985
21-09-2016,31.71999931
22-09-2016,32.27000046
23-09-2016,32.09999847
26-09-2016,32.02000046
27-09-2016,31.77000046
28-09-2016,31.75
29-09-2016,31.77000046
30-09-2016,31.62999916
03-10-2016,31.63999939
04-10-2016,32.08000183
05-10-2016,32.31000137
06-10-2016,32.54000092
07-10-2016,32.5
10-10-2016,32.31000137
11-10-2016,32.22999954
12-10-2016,31.89999962
13-10-2016,31.47999954
14-10-2016,31.76000023
17-10-2016,31.84000015
18-10-2016,31.82999992
19-10-2016,31.54000092
20-10-2016,31.78000069
21-10-2016,31.57999992
24-10-2016,32.18000031
25-10-2016,32.84999847
26-10-2016,31.21999931
27-10-2016,31.75
28-10-2016,31.32999992
31-10-2016,31.42000008
01-11-2016,31.70000076
02-11-2016,31.32999992
03-11-2016,31.45000076
04-11-2016,31
07-11-2016,31.57999992
08-11-2016,31.89999962
09-11-2016,30.90999985
10-11-2016,30.93000031
11-11-2016,32.49000168
14-11-2016,33.90000153
15-11-2016,33.29999924
16-11-2016,33.36000061
17-11-2016,32.97000122
18-11-2016,33.40000153
21-11-2016,33.22999954
22-11-2016,32.81999969
23-11-2016,33.74000168
25-11-2016,34
28-11-2016,34.34999847
29-11-2016,34.02999878
30-11-2016,34.70000076
01-12-2016,34.81000137
02-12-2016,36.25
05-12-2016,35.34999847
06-12-2016,35.09000015
07-12-2016,35.18000031
08-12-2016,36.18999863
09-12-2016,36.40999985
12-12-2016,37.50999832
13-12-2016,37.15000153
14-12-2016,36.29999924
15-12-2016,35.86999893
16-12-2016,36.40000153
19-12-2016,36.49000168
20-12-2016,36.40000153
21-12-2016,36.5
22-12-2016,36.29000092
23-12-2016,35.83000183
27-12-2016,35.79999924
28-12-2016,35.74000168
29-12-2016,35.25
30-12-2016,35.20999908
03-01-2017,34.97999954
04-01-2017,35.59999847
05-01-2017,37.00999832
06-01-2017,36.40999985
09-01-2017,36.11999893
10-01-2017,36.18999863
11-01-2017,37.54000092
12-01-2017,38
13-01-2017,37.54999924
17-01-2017,37.34000015
18-01-2017,37.45000076
19-01-2017,37.63000107
20-01-2017,37.41999817
23-01-2017,37.00999832
24-01-2017,36.70000076
25-01-2017,37.70999908
26-01-2017,38.09999847
27-01-2017,37.52000046
30-01-2017,36.84000015
31-01-2017,36.25
01-02-2017,36.68000031
02-02-2017,36.08000183
03-02-2017,35.91999817
06-02-2017,36.40999985
07-02-2017,35.75
08-02-2017,35.20000076
09-02-2017,35.13999939
10-02-2017,35.20999908
13-02-2017,35.38000107
14-02-2017,36.72000122
15-02-2017,36.95000076
16-02-2017,37.11000061
17-02-2017,36.79000092
21-02-2017,37.59999847
22-02-2017,37.88999939
23-02-2017,37.93999863
24-02-2017,36.86999893
27-02-2017,36.91999817
28-02-2017,37.15000153
01-03-2017,37.20000076
02-03-2017,37.36999893
03-03-2017,37.75999832
06-03-2017,37.97999954
07-03-2017,37.75999832
08-03-2017,37.11000061
09-03-2017,37.33000183
10-03-2017,37.09999847
13-03-2017,37
14-03-2017,36.75
15-03-2017,37.06999969
16-03-2017,37.09000015
17-03-2017,37.13000107
20-03-2017,36.36000061
21-03-2017,35.95000076
22-03-2017,34.31000137
23-03-2017,34
24-03-2017,34.40000153
27-03-2017,34.27999878
28-03-2017,34.65999985
29-03-2017,35.61999893
30-03-2017,35.5
31-03-2017,35.34999847
03-04-2017,35.36000061
04-04-2017,33.90000153
05-04-2017,34.61999893
06-04-2017,34.02000046
07-04-2017,34.02999878
10-04-2017,33.84000015
11-04-2017,34.09000015
12-04-2017,34.02999878
13-04-2017,33.77999878
17-04-2017,33.47000122
18-04-2017,33.72000122
19-04-2017,33.88999939
20-04-2017,33.95000076
21-04-2017,34.11000061
24-04-2017,34.06000137
25-04-2017,34.09999847
26-04-2017,34.00999832
27-04-2017,34.52000046
28-04-2017,35.06999969
01-05-2017,34.63000107
02-05-2017,34.09000015
03-05-2017,33.02999878
04-05-2017,33.65000153
05-05-2017,33.29999924
08-05-2017,33.84999847
09-05-2017,33.90000153
10-05-2017,34.25
11-05-2017,34.06999969
12-05-2017,33.93999863
15-05-2017,33.97000122
16-05-2017,33.90000153
17-05-2017,33.41999817
18-05-2017,32.22999954
19-05-2017,32.54999924
22-05-2017,32.97000122
23-05-2017,33.04999924
24-05-2017,33.20000076
25-05-2017,33.20000076
26-05-2017,32.36000061
30-05-2017,33.09000015
31-05-2017,33.70999908
01-06-2017,34.06000137
02-06-2017,34.34999847
05-06-2017,34.47000122
06-06-2017,34.33000183
07-06-2017,34.18999863
08-06-2017,34.34000015
09-06-2017,34.04999924
12-06-2017,34.22000122
13-06-2017,34.68000031
14-06-2017,34.54000092
15-06-2017,34.40999985
16-06-2017,34.59000015
19-06-2017,34.36999893
20-06-2017,34.34000015
21-06-2017,34.47999954
22-06-2017,34.04999924
23-06-2017,34.13999939
26-06-2017,34.27000046
27-06-2017,34.33000183
28-06-2017,34.56999969
29-06-2017,34.65999985
30-06-2017,34.97000122
03-07-2017,34.52000046
05-07-2017,35.56999969
06-07-2017,34.86999893
07-07-2017,35
10-07-2017,35
11-07-2017,35.18999863
12-07-2017,35.5
13-07-2017,35.5
14-07-2017,36.02999878
17-07-2017,36.38000107
18-07-2017,36.31000137
19-07-2017,36.38000107
20-07-2017,36.5
21-07-2017,36.04999924
24-07-2017,35.99000168
25-07-2017,35.93999863
26-07-2017,35.54999924
27-07-2017,35.52000046
28-07-2017,35.81999969
31-07-2017,35.81999969
01-08-2017,35.81000137
02-08-2017,34.63999939
03-08-2017,34.91999817
04-08-2017,34.97000122
07-08-2017,35.15999985
08-08-2017,35.29999924
09-08-2017,35.15000153
10-08-2017,35.20000076
11-08-2017,34.97000122
14-08-2017,35.15999985
15-08-2017,35.56000137
16-08-2017,35.65000153
17-08-2017,35.61000061
18-08-2017,34.90000153
21-08-2017,34.90000153
22-08-2017,35
23-08-2017,35.27000046
24-08-2017,35.63999939
25-08-2017,35.54000092
28-08-2017,35.68000031
29-08-2017,35.34999847
30-08-2017,35.54000092
31-08-2017,35.90000153
01-09-2017,36.72999954
05-09-2017,37.29000092
06-09-2017,37.50999832
07-09-2017,37.40000153
08-09-2017,36.79999924
11-09-2017,37.11000061
12-09-2017,37.40999985
13-09-2017,37.88000107
14-09-2017,38.18999863
15-09-2017,38.74000168
18-09-2017,38.90000153
19-09-2017,38.54000092
20-09-2017,38.86000061
21-09-2017,38.86000061
22-09-2017,39.29999924
25-09-2017,40.18999863
26-09-2017,40.33000183
27-09-2017,40.31000137
28-09-2017,40.47999954
29-09-2017,40.56000137
02-10-2017,41.00999832
03-10-2017,43.11999893
04-10-2017,43.34999847
05-10-2017,43.90000153
06-10-2017,44.04000092
09-10-2017,45.02999878
10-10-2017,45.29000092
11-10-2017,45.29999924
12-10-2017,44.97000122
13-10-2017,45.27999878
16-10-2017,45.77000046
17-10-2017,45.79999924
18-10-2017,45.27999878
19-10-2017,44.75
20-10-2017,45.5
23-10-2017,45.54000092
24-10-2017,45.90999985
25-10-2017,45.70000076
26-10-2017,45.18999863
27-10-2017,45.13999939
30-10-2017,43.04000092
31-10-2017,43.22999954
01-11-2017,42.72000122
02-11-2017,43.29999924
03-11-2017,42.59999847
06-11-2017,42.29999924
07-11-2017,42.15000153
08-11-2017,41.86000061
09-11-2017,42.04000092
10-11-2017,42.13999939
13-11-2017,42.59999847
14-11-2017,43.15000153
15-11-2017,42.72999954
16-11-2017,43.04000092
17-11-2017,43.52999878
20-11-2017,44.47999954
21-11-2017,45.06999969
22-11-2017,44.88999939
24-11-2017,44.45000076
27-11-2017,44.47000122
28-11-2017,44.34999847
29-11-2017,45.09999847
30-11-2017,44
01-12-2017,43.18999863
04-12-2017,43.20000076
05-12-2017,43.00999832
06-12-2017,42.56999969
07-12-2017,42.25999832
08-12-2017,41.99000168
11-12-2017,41.88000107
12-12-2017,41.65000153
13-12-2017,41.54000092
14-12-2017,41.38000107
15-12-2017,40.91999817
18-12-2017,41.27000046
19-12-2017,42.70999908
20-12-2017,42.74000168
21-12-2017,42.58000183
22-12-2017,42.29999924
26-12-2017,41.86000061
27-12-2017,41.75999832
28-12-2017,41.34000015
29-12-2017,41.52000046
02-01-2018,41.24000168
03-01-2018,42.20999908
04-01-2018,43.09000015
05-01-2018,44.5
08-01-2018,44.04000092
09-01-2018,44.31000137
10-01-2018,43.84000015
11-01-2018,43.27999878
12-01-2018,44.15000153
16-01-2018,45.09999847
17-01-2018,44.00999832
18-01-2018,44.18000031
19-01-2018,44.04999924
22-01-2018,43.15999985
23-01-2018,43.34000015
24-01-2018,43.5
25-01-2018,44.45999908
26-01-2018,43.31999969
29-01-2018,43.47000122
30-01-2018,42.83000183
31-01-2018,42.77999878
01-02-2018,42.11999893
02-02-2018,42.22000122
05-02-2018,40.97999954
06-02-2018,40.06000137
07-02-2018,41.79999924
08-02-2018,42.45999908
09-02-2018,41.15999985
12-02-2018,41.95000076
13-02-2018,41.70000076
14-02-2018,41.02999878
15-02-2018,42.06000137
16-02-2018,41.84999847
20-02-2018,40.90000153
21-02-2018,40.75
22-02-2018,40.65999985
23-02-2018,41.04999924
26-02-2018,41.08000183
27-02-2018,41.49000168
28-02-2018,39.61999893
01-03-2018,39.59000015
02-03-2018,37.47000122
05-03-2018,37.33000183
06-03-2018,38.02000046
07-03-2018,37.38999939
08-03-2018,37.63999939
09-03-2018,37.84999847
12-03-2018,37.86999893
13-03-2018,37.97000122
14-03-2018,38.47999954
15-03-2018,37.97000122
16-03-2018,37.91999817
19-03-2018,37.93000031
20-03-2018,37.13000107
21-03-2018,37.15999985
22-03-2018,37.22999954
23-03-2018,36.41999817
26-03-2018,35.93999863
27-03-2018,36.02000046
28-03-2018,35.00999832
29-03-2018,35.83000183
02-04-2018,36.09999847
03-04-2018,36.79999924
04-04-2018,36.00999832
05-04-2018,38.25
06-04-2018,37.95999908
09-04-2018,38.27999878
10-04-2018,38.59999847
11-04-2018,38.72000122
12-04-2018,39.27000046
13-04-2018,39.11999893
16-04-2018,38.97000122
17-04-2018,39.63999939
18-04-2018,39.24000168
19-04-2018,38.70999908
20-04-2018,37.75
23-04-2018,37.49000168
24-04-2018,37.93000031
25-04-2018,37.72999954
26-04-2018,37.59000015
27-04-2018,38.15999985
30-04-2018,37.88000107
01-05-2018,36.75999832
02-05-2018,36.47999954
03-05-2018,35.99000168
04-05-2018,36.15000153
07-05-2018,36.63000107
08-05-2018,36.38000107
09-05-2018,36.38999939
10-05-2018,36.45999908
11-05-2018,37.11000061
14-05-2018,37.06000137
15-05-2018,36.40000153
16-05-2018,36.97000122
17-05-2018,37.97000122
18-05-2018,38.27000046
21-05-2018,38.15999985
22-05-2018,38.58000183
23-05-2018,38.18000031
24-05-2018,38
25-05-2018,38.25
29-05-2018,38.00999832
30-05-2018,37.5
31-05-2018,41.65000153
01-06-2018,42.97999954
04-06-2018,43.24000168
05-06-2018,43.61000061
06-06-2018,43.65999985
07-06-2018,43.50999832
08-06-2018,43.97999954
11-06-2018,44.29999924
12-06-2018,44.86000061
13-06-2018,44.11999893
14-06-2018,44.38999939
15-06-2018,43.27999878
18-06-2018,43.59999847
19-06-2018,43.06999969
20-06-2018,42.56999969
21-06-2018,41.13999939
22-06-2018,41.40999985
25-06-2018,41
26-06-2018,40.54999924
27-06-2018,41
28-06-2018,40.45000076
29-06-2018,40.66999817
02-07-2018,39.08000183
03-07-2018,39.70999908
05-07-2018,39.61000061
06-07-2018,39.38000107
09-07-2018,39.38000107
10-07-2018,39.84000015
11-07-2018,39.5
12-07-2018,39.59999847
13-07-2018,39.11000061
16-07-2018,39.31000137
17-07-2018,39.5
18-07-2018,40.06000137
19-07-2018,39.58000183
20-07-2018,39.06999969
23-07-2018,39.20000076
24-07-2018,39.86999893
25-07-2018,37.45000076
26-07-2018,37.06999969
27-07-2018,36.83000183
30-07-2018,37.65999985
31-07-2018,37.79000092
01-08-2018,37.88999939
02-08-2018,37
03-08-2018,36.65000153
06-08-2018,37.56999969
07-08-2018,37.70000076
08-08-2018,37.61000061
09-08-2018,37.66999817
10-08-2018,37.31999969
13-08-2018,36.59000015
14-08-2018,36.25
15-08-2018,35.81999969
16-08-2018,36.18000031
17-08-2018,36.08000183
20-08-2018,36.63000107
21-08-2018,36.75
22-08-2018,36.59999847
23-08-2018,35.95000076
24-08-2018,35.95000076
27-08-2018,36.29000092
28-08-2018,37.84999847
29-08-2018,37.38999939
30-08-2018,37
31-08-2018,36.20000076
04-09-2018,36
05-09-2018,35.59999847
06-09-2018,35
07-09-2018,34.34999847
10-09-2018,33.91999817
11-09-2018,33.91999817
12-09-2018,33.70000076
13-09-2018,34.25999832
14-09-2018,34.47000122
17-09-2018,34.5
18-09-2018,35.16999817
19-09-2018,35.36000061
20-09-2018,35.90999985
21-09-2018,36.31000137
24-09-2018,35.04000092
25-09-2018,34.47999954
26-09-2018,33.49000168
27-09-2018,33.50999832
28-09-2018,33.56999969
01-10-2018,34.29999924
02-10-2018,33.95000076
03-10-2018,35.02000046
04-10-2018,34.11000061
05-10-2018,34.40999985
08-10-2018,33.81999969
09-10-2018,34
10-10-2018,32.59999847
11-10-2018,32.61000061
12-10-2018,32.74000168
15-10-2018,31.69000053
16-10-2018,32.45999908
17-10-2018,32.06000137
18-10-2018,31.70999908
19-10-2018,30.71999931
22-10-2018,31.45000076
23-10-2018,30.94000053
24-10-2018,31.79000092
25-10-2018,31.19000053
26-10-2018,31.68000031
29-10-2018,34.11000061
30-10-2018,33.18000031
31-10-2018,35.97000122
01-11-2018,36.24000168
02-11-2018,36.79999924
05-11-2018,36
06-11-2018,36.18000031
07-11-2018,36.72999954
08-11-2018,36.40999985
09-11-2018,36.11999893
12-11-2018,35.63999939
13-11-2018,35.91999817
14-11-2018,36.20000076
15-11-2018,34.90999985
16-11-2018,35.31999969
19-11-2018,35.75
20-11-2018,35.09999847
21-11-2018,35.29999924
23-11-2018,35.33000183
26-11-2018,36.13999939
27-11-2018,37.27000046
28-11-2018,36.75999832
29-11-2018,36.79000092
30-11-2018,36.74000168
03-12-2018,39
04-12-2018,38.22000122
06-12-2018,35.74000168
07-12-2018,35.43999863
10-12-2018,34.54999924
11-12-2018,35.54999924
12-12-2018,35.22999954
13-12-2018,35.95999908
14-12-2018,35
17-12-2018,34.93999863
18-12-2018,35.02000046
19-12-2018,35.00999832
20-12-2018,34.93000031
21-12-2018,34.22999954
24-12-2018,32.65000153
26-12-2018,32.58000183
27-12-2018,33.06999969
28-12-2018,33.95000076
31-12-2018,34
02-01-2019,32.84999847
03-01-2019,33.34000015
04-01-2019,32.79999924
07-01-2019,33.70999908
08-01-2019,35
09-01-2019,34.95999908
10-01-2019,35
11-01-2019,36.59999847
14-01-2019,37.25
15-01-2019,37.84000015
16-01-2019,37.47999954
17-01-2019,37.5
18-01-2019,38.45000076
22-01-2019,38.27999878
23-01-2019,38.20000076
24-01-2019,37.75999832
25-01-2019,38.65000153
28-01-2019,38.22999954
29-01-2019,38.31000137
30-01-2019,38.5
31-01-2019,38.81000137
01-02-2019,38.90999985
04-02-2019,38.65000153
05-02-2019,39.08000183
06-02-2019,40.16999817
07-02-2019,39.22999954
08-02-2019,38.5
11-02-2019,38.31000137
12-02-2019,38.79999924
13-02-2019,39.27999878
14-02-2019,38.81000137
15-02-2019,39.06000137
19-02-2019,38.97999954
20-02-2019,39.63999939
21-02-2019,40
22-02-2019,39.84000015
25-02-2019,40.25
26-02-2019,39.90999985
27-02-2019,40.09000015
28-02-2019,39.81999969
01-03-2019,39.84999847
04-03-2019,39.70000076
05-03-2019,39.27999878
06-03-2019,39.24000168
07-03-2019,38.09999847
08-03-2019,37.63000107
11-03-2019,38.08000183
12-03-2019,38.70000076
13-03-2019,38.74000168
14-03-2019,38.75999832
15-03-2019,38.04000092
18-03-2019,38.18000031
19-03-2019,38.31000137
20-03-2019,37.74000168
21-03-2019,37
22-03-2019,37.09000015
25-03-2019,36.47999954
26-03-2019,36.93000031
27-03-2019,36.91999817
28-03-2019,36.70000076
29-03-2019,37.31000137
01-04-2019,37.40000153
02-04-2019,37.83000183
03-04-2019,38.25
04-04-2019,38.40000153
05-04-2019,38.84999847
08-04-2019,38.77000046
09-04-2019,38.84999847
10-04-2019,38.88999939
11-04-2019,39.38000107
12-04-2019,39.59999847
15-04-2019,39.90000153
16-04-2019,39.56000137
17-04-2019,40.09999847
18-04-2019,40
22-04-2019,40
23-04-2019,39.40000153
24-04-2019,39.50999832
25-04-2019,39.52000046
26-04-2019,40.04999924
29-04-2019,39.75
30-04-2019,38.91999817
01-05-2019,39
02-05-2019,38.45999908
03-05-2019,38.54000092
06-05-2019,37.5
07-05-2019,38.86000061
08-05-2019,38.41999817
09-05-2019,37.59000015
10-05-2019,37.5
13-05-2019,36.84999847
14-05-2019,36.81000137
15-05-2019,36.63000107
16-05-2019,37.29999924
17-05-2019,37.00999832
20-05-2019,36.65999985
21-05-2019,37
22-05-2019,37
23-05-2019,35.15000153
24-05-2019,35.40000153
28-05-2019,35.20000076
29-05-2019,34.66999817
30-05-2019,34.75999832
31-05-2019,33.29999924
03-06-2019,33.34999847
04-06-2019,34.38000107
05-06-2019,36.04000092
06-06-2019,35.09000015
07-06-2019,35.31000137
10-06-2019,36.13000107
11-06-2019,36.36000061
12-06-2019,36.25999832
13-06-2019,35.63000107
14-06-2019,35.88000107
17-06-2019,35.56000137
18-06-2019,36.38000107
19-06-2019,37
20-06-2019,37.15000153
21-06-2019,36.95999908
24-06-2019,36.83000183
25-06-2019,37.06000137
26-06-2019,37.81999969
27-06-2019,38.59999847
28-06-2019,38.33000183
01-07-2019,38.93000031
02-07-2019,38.72999954
03-07-2019,38.5
05-07-2019,38
08-07-2019,38.40999985
09-07-2019,37.97000122
10-07-2019,38.34999847
11-07-2019,38.27999878
12-07-2019,38.59999847
15-07-2019,39.20999908
16-07-2019,38.99000168
17-07-2019,39.40999985
18-07-2019,38.97000122
19-07-2019,39.40000153
22-07-2019,39.95999908
23-07-2019,40.34999847
24-07-2019,40.59000015
25-07-2019,40.34000015
26-07-2019,40.72000122
29-07-2019,40.70999908
30-07-2019,40.25999832
31-07-2019,40.59999847
01-08-2019,41.25999832
02-08-2019,39.90999985
05-08-2019,39.20000076
06-08-2019,39.15999985
07-08-2019,38.68999863
08-08-2019,39.5
09-08-2019,39.75999832
12-08-2019,39.22999954
13-08-2019,38.83000183
14-08-2019,38.25
15-08-2019,37.16999817
16-08-2019,36.58000183
19-08-2019,37.50999832
20-08-2019,37.20000076
21-08-2019,37.36000061
22-08-2019,37.25
23-08-2019,36.61000061
26-08-2019,36.49000168
27-08-2019,36.47000122
28-08-2019,35.70000076
29-08-2019,36.79999924
30-08-2019,37.25
03-09-2019,36.88999939
04-09-2019,37.31000137
05-09-2019,38.61999893
06-09-2019,38.91999817
09-09-2019,39.06000137
10-09-2019,39.20000076
11-09-2019,39.40000153
12-09-2019,39.40999985
13-09-2019,39.47000122
16-09-2019,37.97000122
17-09-2019,37.20000076
18-09-2019,38.15000153
19-09-2019,38.25
20-09-2019,38.06000137
23-09-2019,36.79000092
24-09-2019,37.34000015
25-09-2019,36.75999832
26-09-2019,37.36000061
27-09-2019,37.84000015
30-09-2019,37.52999878
01-10-2019,37.47000122
02-10-2019,35.77000046
03-10-2019,34.50999832
04-10-2019,35
07-10-2019,34.59999847
08-10-2019,34.31000137
09-10-2019,33.97999954
10-10-2019,34.45000076
11-10-2019,35.22000122
14-10-2019,35.38999939
15-10-2019,35.47000122
16-10-2019,36.49000168
17-10-2019,36.81000137
18-10-2019,36.09000015
21-10-2019,36.43999863
22-10-2019,35.77000046
23-10-2019,36.25
24-10-2019,36.61999893
25-10-2019,35.77999878
28-10-2019,37.20999908
29-10-2019,37.59999847
30-10-2019,38.25999832
31-10-2019,37.61999893
01-11-2019,37.20999908
04-11-2019,38.34999847
05-11-2019,38.61000061
06-11-2019,38.36999893
07-11-2019,38.59999847
08-11-2019,38.41999817
11-11-2019,38.59999847
12-11-2019,38.74000168
13-11-2019,38.40000153
14-11-2019,37.09999847
15-11-2019,37
18-11-2019,36.68000031
19-11-2019,36.66999817
20-11-2019,36.20999908
21-11-2019,35.52999878
22-11-2019,35.27000046
25-11-2019,35.45000076
26-11-2019,35.70000076
27-11-2019,36.00999832
29-11-2019,36.04999924
02-12-2019,36.00999832
03-12-2019,35.47000122
04-12-2019,35.74000168
05-12-2019,35.59999847
06-12-2019,35.63999939
09-12-2019,35.45000076
10-12-2019,35.34999847
11-12-2019,35.13000107
12-12-2019,35.34000015
13-12-2019,36.15999985
16-12-2019,35.81999969
17-12-2019,36.20000076
18-12-2019,36.34000015
19-12-2019,37.31000137
20-12-2019,37.54000092
23-12-2019,37.38999939
24-12-2019,36.72999954
26-12-2019,36.59000015
27-12-2019,36.56000137
30-12-2019,36.5
31-12-2019,36.36999893
02-01-2020,37
03-01-2020,36.72999954
06-01-2020,35.95000076
07-01-2020,35.75
08-01-2020,35.04000092
09-01-2020,34.99000168
10-01-2020,35.15000153
13-01-2020,34.68999863
14-01-2020,35
15-01-2020,35
16-01-2020,35.20999908
17-01-2020,35.56999969
21-01-2020,35.36000061
22-01-2020,35.13000107
23-01-2020,34.77000046
24-01-2020,34.90000153
27-01-2020,33.63000107
28-01-2020,33.56999969
29-01-2020,33.79999924
30-01-2020,33.40000153
31-01-2020,33.25
03-02-2020,33.56000137
04-02-2020,34.34999847
05-02-2020,34.90000153
06-02-2020,35.04999924
07-02-2020,34.08000183
10-02-2020,33.99000168
11-02-2020,34.34000015
12-02-2020,35.33000183
13-02-2020,35.20999908
14-02-2020,35.29999924
18-02-2020,34.25
19-02-2020,34.52999878
20-02-2020,34.65999985
21-02-2020,34.99000168
24-02-2020,33.63999939
25-02-2020,33.25
26-02-2020,32.09999847
27-02-2020,31.29999924
28-02-2020,29.78000069
02-03-2020,30.52000046
03-03-2020,31.5
04-03-2020,31
05-03-2020,30.54000092
06-03-2020,29.20999908
09-03-2020,26
10-03-2020,25.97999954
11-03-2020,26
12-03-2020,23.60000038
13-03-2020,24.60000038
16-03-2020,21.51000023
17-03-2020,21.30999947
18-03-2020,18.82999992
19-03-2020,16.34000015
20-03-2020,18.42000008
23-03-2020,18.01000023
24-03-2020,19.31999969
25-03-2020,23
26-03-2020,21.63999939
27-03-2020,21.37000084
30-03-2020,22.30999947
31-03-2020,20.96999931
01-04-2020,19.5
02-04-2020,19.10000038
03-04-2020,18.39999962
06-04-2020,19.10000038
07-04-2020,21.27000046
08-04-2020,21.73999977
09-04-2020,24.15999985
13-04-2020,24.04000092
14-04-2020,23.60000038
15-04-2020,21.92000008
16-04-2020,21.63999939
17-04-2020,21.92000008
20-04-2020,21.71999931
21-04-2020,21.27000046
22-04-2020,21.64999962
23-04-2020,21.54999924
24-04-2020,21.70999908
27-04-2020,21.52000046
28-04-2020,23.18000031
29-04-2020,22.75
30-04-2020,23.44000053
01-05-2020,21.64999962
04-05-2020,20.45000076
05-05-2020,21.25
06-05-2020,23.04999924
07-05-2020,22.18000031
08-05-2020,23.06999969
11-05-2020,23.25
12-05-2020,22.98999977
13-05-2020,22.44000053
14-05-2020,20.65999985
15-05-2020,21.96999931
18-05-2020,24
19-05-2020,24.75
20-05-2020,25.30999947
21-05-2020,25.29000092
22-05-2020,25.98999977
26-05-2020,27.81999969
27-05-2020,28.53000069
28-05-2020,27.86000061
29-05-2020,26.35000038
01-06-2020,25.98999977
02-06-2020,27.31999969
03-06-2020,28.42000008
04-06-2020,28.86000061
05-06-2020,31
08-06-2020,31.21999931
09-06-2020,29.39999962
10-06-2020,29.79999924
11-06-2020,26.62000084
12-06-2020,28.71999931
15-06-2020,26.61000061
16-06-2020,29.11000061
17-06-2020,27.78000069
18-06-2020,26.89999962
19-06-2020,27.73999977
22-06-2020,26.60000038
23-06-2020,26.75
24-06-2020,25.85000038
25-06-2020,25
26-06-2020,25
29-06-2020,24.70999908
30-06-2020,25.09000015
01-07-2020,25.29999924
02-07-2020,25.62000084
06-07-2020,25.95999908
07-07-2020,25.59000015
08-07-2020,25.19000053
09-07-2020,24.76000023
10-07-2020,23.54999924
13-07-2020,24.64999962
14-07-2020,24.79999924
15-07-2020,26.31999969
16-07-2020,26.35000038
17-07-2020,26.98999977
20-07-2020,26.20999908
21-07-2020,26.17000008
22-07-2020,25.87000084
23-07-2020,26.44000053
24-07-2020,26.60000038
27-07-2020,25.87999916
28-07-2020,25.78000069
29-07-2020,27.04000092
30-07-2020,25.12999916
31-07-2020,25.12000084
03-08-2020,25.05999947
04-08-2020,25.87000084
05-08-2020,26.20000076
06-08-2020,26.17000008
07-08-2020,26.47999954
10-08-2020,26.90999985
11-08-2020,28.46999931
12-08-2020,28.98999977
13-08-2020,27.72999954
14-08-2020,27.29000092
17-08-2020,28.60000038
18-08-2020,30.54999924
19-08-2020,29.64999962
20-08-2020,28.70000076
21-08-2020,28.73999977
24-08-2020,29.28000069
25-08-2020,30.39999962
26-08-2020,29.78000069
27-08-2020,29.60000038
28-08-2020,29.86000061
31-08-2020,30.02000046
01-09-2020,29.53000069
02-09-2020,29.85000038
03-09-2020,30.93000031
04-09-2020,29.93000031
08-09-2020,31.71999931
09-09-2020,32.11000061
10-09-2020,31.81999969
11-09-2020,30.29999924
14-09-2020,30.71999931
15-09-2020,31.36000061
16-09-2020,32.68000031
17-09-2020,31.30999947
18-09-2020,31.85000038
21-09-2020,30.29999924
22-09-2020,29.85000038
23-09-2020,29.48999977
24-09-2020,29.04999924
25-09-2020,28.86000061
28-09-2020,29.81999969
29-09-2020,29.27000046
30-09-2020,28.88999939
01-10-2020,29.52000046
02-10-2020,29.64999962
05-10-2020,30.85000038
06-10-2020,31.27000046
07-10-2020,30.85000038
08-10-2020,31.89999962
09-10-2020,32.29999924
12-10-2020,32.36000061
13-10-2020,32.13000107
14-10-2020,32.08000183
15-10-2020,30.98999977
16-10-2020,32.88000107
19-10-2020,33.5
20-10-2020,33.95999908
21-10-2020,36.09999847
22-10-2020,35.90000153
23-10-2020,37.49000168
26-10-2020,36.27000046
27-10-2020,35.54999924
28-10-2020,33.72999954
29-10-2020,34.50999832
30-10-2020,34.45999908
02-11-2020,35.11999893
03-11-2020,35.09999847
04-11-2020,35.31000137
05-11-2020,36.90000153
06-11-2020,37.5
09-11-2020,38.72000122
10-11-2020,39.75
11-11-2020,41.29000092
12-11-2020,40.11000061
13-11-2020,39.68999863
16-11-2020,41.77000046
17-11-2020,41.84999847
18-11-2020,42.18999863
19-11-2020,42.61000061
20-11-2020,42.81000137
23-11-2020,43.95999908
24-11-2020,45.90999985
25-11-2020,45.61000061
27-11-2020,45.34999847
30-11-2020,44.95999908
01-12-2020,44.77999878
02-12-2020,44
03-12-2020,44.79000092
04-12-2020,44.40000153
07-12-2020,44.40000153
08-12-2020,43.72000122
09-12-2020,44.13000107
10-12-2020,43.83000183
11-12-2020,42.47999954
14-12-2020,42.49000168
15-12-2020,41.99000168
16-12-2020,41.79000092
17-12-2020,41.70999908
18-12-2020,42.02000046
21-12-2020,40.25999832
22-12-2020,41.34999847
23-12-2020,41.18000031
24-12-2020,42.06000137
28-12-2020,42
29-12-2020,41.88999939
30-12-2020,41.65000153
31-12-2020,41.75999832
04-01-2021,41.95000076
05-01-2021,40.06000137
06-01-2021,41.91999817
07-01-2021,43.97999954
08-01-2021,43.31000137
11-01-2021,43.02000046
12-01-2021,46.29999924
13-01-2021,50.77999878
14-01-2021,49.5
15-01-2021,51.29999924
19-01-2021,53.68999863
20-01-2021,56.22999954
21-01-2021,56.33000183
22-01-2021,54.5
25-01-2021,54.95000076
26-01-2021,53.38999939
27-01-2021,50.79999924
28-01-2021,49.88000107
29-01-2021,50.70000076
01-02-2021,51.45999908
02-02-2021,52.29999924
03-02-2021,53.29999924
04-02-2021,53.34000015
05-02-2021,54.81999969
08-02-2021,56
09-02-2021,56.54000092
10-02-2021,55.61000061
11-02-2021,53.61000061
12-02-2021,53
16-02-2021,53.70999908
17-02-2021,52.84000015
18-02-2021,52.56000137
19-02-2021,52.5
22-02-2021,52
23-02-2021,51
24-02-2021,51.95000076
25-02-2021,52.70000076
26-02-2021,50.86999893
01-03-2021,52.40999985
02-03-2021,52.59999847
03-03-2021,54.5
04-03-2021,52.99000168
05-03-2021,52.59000015
08-03-2021,54.29000092
09-03-2021,55.36000061
10-03-2021,55
11-03-2021,56.86999893
12-03-2021,56
15-03-2021,59.31000137
16-03-2021,58.36000061
17-03-2021,57.24000168
18-03-2021,60.06000137
19-03-2021,59.34000015
22-03-2021,58.75
23-03-2021,56.99000168
24-03-2021,56.68000031
25-03-2021,54.59999847
26-03-2021,57.00999832
29-03-2021,56.08000183
30-03-2021,56.59999847
31-03-2021,58.27999878
01-04-2021,57.91999817
05-04-2021,59
06-04-2021,60.5
07-04-2021,61.86000061
08-04-2021,60.36000061
09-04-2021,59.56000137
12-04-2021,60.20000076
13-04-2021,59.22999954
14-04-2021,58.59000015
15-04-2021,59.45000076
16-04-2021,59.00999832
19-04-2021,58.56999969
20-04-2021,57.11999893
21-04-2021,55.27999878
22-04-2021,57.54000092
23-04-2021,56.77000046
26-04-2021,57.86000061
27-04-2021,58.27000046
28-04-2021,59
29-04-2021,57.74000168
30-04-2021,56.18000031
03-05-2021,57.59999847
04-05-2021,56.54999924
05-05-2021,57.09000015
06-05-2021,57.43000031
07-05-2021,58
10-05-2021,59
11-05-2021,56.15000153
12-05-2021,55.54000092
13-05-2021,54.43000031
14-05-2021,55.11999893
17-05-2021,55.84000015
18-05-2021,56.22999954
19-05-2021,55
20-05-2021,55.91999817
21-05-2021,56.00999832
24-05-2021,57.04999924
25-05-2021,56.86999893
26-05-2021,56.97000122
27-05-2021,60
28-05-2021,59.88000107
01-06-2021,59.99000168
02-06-2021,60.25999832
03-06-2021,61.56999969
04-06-2021,63.56999969
07-06-2021,63.97999954
08-06-2021,63.02000046
09-06-2021,63.95000076
10-06-2021,62.83000183
11-06-2021,61.36000061
14-06-2021,61.47000122
15-06-2021,60.68000031
16-06-2021,62.45999908
17-06-2021,61.81999969
18-06-2021,59.27999878
21-06-2021,59.75
22-06-2021,59.54000092
23-06-2021,59.84999847
24-06-2021,60.38999939
25-06-2021,60.29000092
28-06-2021,60.31000137
29-06-2021,59.20000076
30-06-2021,58.74000168
01-07-2021,59.43999863
02-07-2021,59.11000061
06-07-2021,58.91999817
07-07-2021,57.34000015
08-07-2021,55.29999924
09-07-2021,58.79999924
12-07-2021,58.56000137
13-07-2021,59.04000092
14-07-2021,58.88999939
15-07-2021,57.11999893
16-07-2021,57.47999954
19-07-2021,53.90000153
20-07-2021,54.25999832
21-07-2021,56.79999924
22-07-2021,56.75
23-07-2021,55.31000137
26-07-2021,55.24000168
27-07-2021,55.20999908
28-07-2021,55.41999817
29-07-2021,57
30-07-2021,56.72000122
02-08-2021,57.36999893
03-08-2021,57.47000122
04-08-2021,55.22999954
05-08-2021,53.86000061
06-08-2021,54.81000137
09-08-2021,54.27000046
10-08-2021,54
11-08-2021,54.41999817
12-08-2021,54.43999863
13-08-2021,54.56000137
16-08-2021,53.00999832
17-08-2021,51.97999954
18-08-2021,50.52999878
19-08-2021,50
20-08-2021,48.95999908
23-08-2021,48.15999985
24-08-2021,48.5
25-08-2021,49.49000168
26-08-2021,49.47000122
27-08-2021,48.75
30-08-2021,49.95000076
31-08-2021,49.16999817
01-09-2021,49.09999847
02-09-2021,49.15000153
03-09-2021,48.79999924
07-09-2021,48.49000168
08-09-2021,48.63999939
09-09-2021,48.95000076
10-09-2021,48.68999863
13-09-2021,50.11000061
14-09-2021,51.22000122
15-09-2021,50.79000092
16-09-2021,51.59000015
17-09-2021,51.33000183
20-09-2021,49.45000076
21-09-2021,49.56999969
22-09-2021,50.02999878
23-09-2021,51.09999847
24-09-2021,51.88000107
27-09-2021,52.40999985
28-09-2021,53.77000046
29-09-2021,53.29999924
30-09-2021,52.93000031
01-10-2021,53.02999878
04-10-2021,54.90000153
05-10-2021,54.18999863
06-10-2021,54.49000168
07-10-2021,54.84999847
08-10-2021,56.54000092
11-10-2021,58.79000092
12-10-2021,58.52000046
13-10-2021,58.93999863
14-10-2021,58.09999847
15-10-2021,58.34000015
18-10-2021,57.40999985
19-10-2021,57
20-10-2021,56.36000061
21-10-2021,58
22-10-2021,58.36999893
25-10-2021,58.04999924
26-10-2021,58.02000046
27-10-2021,55.59999847
28-10-2021,54.59999847
29-10-2021,53.90000153
01-11-2021,54.84999847
02-11-2021,55.02999878
03-11-2021,55.25999832
04-11-2021,56.47000122
05-11-2021,59.15000153
08-11-2021,58.75999832
09-11-2021,59.81000137
10-11-2021,57.84999847
11-11-2021,59.81999969
12-11-2021,61.59000015
15-11-2021,63.65999985
16-11-2021,63.24000168
17-11-2021,63.33000183
18-11-2021,64.33000183
19-11-2021,62.47999954
22-11-2021,61.95000076
23-11-2021,63.72999954
24-11-2021,62.29999924
26-11-2021,59.79999924
29-11-2021,61.11000061
30-11-2021,59.20000076
01-12-2021,59.25
02-12-2021,58.75
03-12-2021,61.24000168
06-12-2021,60.47000122
07-12-2021,60.90999985
08-12-2021,61.65000153
09-12-2021,60.38000107
10-12-2021,60.09999847
13-12-2021,62.06999969
14-12-2021,57.97000122
15-12-2021,58.29999924
16-12-2021,59.40000153
17-12-2021,56.20000076
20-12-2021,54.02000046
21-12-2021,54.5
22-12-2021,54.79000092
23-12-2021,56.06999969
27-12-2021,56.88999939
28-12-2021,57.40000153
29-12-2021,57.11000061
30-12-2021,57.45000076
31-12-2021,58
03-01-2022,59.86999893
04-01-2022,61.95999908
05-01-2022,65.51999664
06-01-2022,63.16999817
07-01-2022,63.81000137
10-01-2022,61.52000046
11-01-2022,61.25
12-01-2022,62.47000122
13-01-2022,61.45000076
14-01-2022,61.09999847
18-01-2022,60.13000107
19-01-2022,59.31000137
20-01-2022,56.02000046
21-01-2022,54.52000046
24-01-2022,51.40000153
25-01-2022,51.59999847
26-01-2022,53.56999969
27-01-2022,52.84999847
28-01-2022,51.25
31-01-2022,50.5
01-02-2022,52.84999847
02-02-2022,54.91999817
03-02-2022,52.59999847
04-02-2022,51.61999893
07-02-2022,51.49000168
08-02-2022,48.74000168
09-02-2022,50.31000137
10-02-2022,49.72999954
11-02-2022,50.63999939
14-02-2022,48.86999893
15-02-2022,49.36000061
16-02-2022,49.43000031
17-02-2022,49.81000137
18-02-2022,48.91999817
22-02-2022,47.77999878
23-02-2022,47.25999832
24-02-2022,44.15000153
25-02-2022,46.34999847
28-02-2022,46.24000168
01-03-2022,46.02000046
02-03-2022,44.68000031
03-03-2022,46.20999908
04-03-2022,44.02999878
07-03-2022,42.29000092
08-03-2022,40.84000015
09-03-2022,42.25999832
10-03-2022,41.40999985
11-03-2022,42.08000183
14-03-2022,41.74000168
15-03-2022,40.83000183
16-03-2022,43
17-03-2022,42.91999817
18-03-2022,43.22999954
21-03-2022,44.27999878
22-03-2022,44.24000168
23-03-2022,44
24-03-2022,44.04999924
25-03-2022,44.27999878
28-03-2022,43.90000153
29-03-2022,45.40999985
30-03-2022,45.63999939
31-03-2022,44.84000015
01-04-2022,44.15999985
04-04-2022,43.27000046
05-04-2022,42.95999908
06-04-2022,40.79000092
07-04-2022,39.29000092
08-04-2022,38.34999847
11-04-2022,38.81000137
12-04-2022,40.61000061
13-04-2022,39.61999893
14-04-2022,40.15000153
18-04-2022,40.13000107
19-04-2022,40.81000137
20-04-2022,42.25
21-04-2022,42.75999832
22-04-2022,40.45999908
25-04-2022,39.34999847
26-04-2022,39.22000122
27-04-2022,38.29000092
28-04-2022,39.34999847
29-04-2022,38.81000137
02-05-2022,37.66999817
03-05-2022,39.31999969
04-05-2022,39.59999847
05-05-2022,40.31999969
06-05-2022,39.79000092
09-05-2022,38.97999954
10-05-2022,39.38999939
11-05-2022,38.77999878
12-05-2022,35.45999908
13-05-2022,36.18000031
16-05-2022,38.00999832
17-05-2022,38.02999878
18-05-2022,37.5
19-05-2022,35.38000107
20-05-2022,37.00999832
23-05-2022,35.93000031
24-05-2022,35.52999878
25-05-2022,34.90000153
26-05-2022,36.38000107
27-05-2022,37.79999924
31-05-2022,38.61000061
01-06-2022,39.00999832
02-06-2022,38.40000153
03-06-2022,38.09000015
06-06-2022,38.34999847
07-06-2022,37.22000122
08-06-2022,38.34000015
09-06-2022,37.47999954
10-06-2022,35.72999954
13-06-2022,33.86000061
14-06-2022,32.66999817
15-06-2022,33.36000061
16-06-2022,32.84999847
17-06-2022,31.45000076
21-06-2022,32.83000183
22-06-2022,32.18999863
23-06-2022,32.91999817
24-06-2022,33.11000061
27-06-2022,34.99000168
28-06-2022,35.18999863
29-06-2022,33.79999924
30-06-2022,32.59000015
01-07-2022,31.28000069
05-07-2022,31.11000061
06-07-2022,32.04999924
07-07-2022,32
08-07-2022,32.68999863
11-07-2022,31.90999985
12-07-2022,30.92000008
13-07-2022,30.85000038
14-07-2022,31.14999962
15-07-2022,32.25
18-07-2022,33.29999924
19-07-2022,33.34999847
20-07-2022,34.18000031
21-07-2022,34.75999832
22-07-2022,35.16999817
25-07-2022,34.86000061
26-07-2022,34.02999878
27-07-2022,34.02000046
28-07-2022,35.00999832
29-07-2022,35.75
01-08-2022,36.06000137
02-08-2022,36.31999969
03-08-2022,36.79000092
04-08-2022,37.02000046
05-08-2022,35.91999817
08-08-2022,36.61999893
09-08-2022,37.27000046
10-08-2022,37.68999863
11-08-2022,38.68999863
12-08-2022,38.83000183
15-08-2022,38.88000107
16-08-2022,38.95000076
17-08-2022,38.18999863
18-08-2022,38.33000183
19-08-2022,39.24000168
22-08-2022,38.24000168
23-08-2022,38.95999908
24-08-2022,38.61000061
25-08-2022,39.36000061
26-08-2022,40.75
29-08-2022,38.77000046
30-08-2022,39.75999832
31-08-2022,39.20000076
01-09-2022,37.81000137
02-09-2022,39.31999969
06-09-2022,38.81000137
07-09-2022,38.52000046
08-09-2022,39.45000076
09-09-2022,40.75
12-09-2022,41.65999985
13-09-2022,40.59999847
14-09-2022,40.74000168
15-09-2022,40.56999969
16-09-2022,40.06000137
19-09-2022,39.5
20-09-2022,40.22999954
21-09-2022,39.15999985
22-09-2022,37.81000137
23-09-2022,36.47000122
26-09-2022,35.09999847
27-09-2022,35.54999924
28-09-2022,34.75
29-09-2022,34.00999832
30-09-2022,32.93000031
03-10-2022,32.45999908
04-10-2022,34.20000076
05-10-2022,34.38000107
06-10-2022,34.58000183
07-10-2022,34.06000137
10-10-2022,32.38000107
11-10-2022,32.00999832
12-10-2022,32.11999893
13-10-2022,31.29000092
14-10-2022,33.06999969
17-10-2022,33.70000076
18-10-2022,34.77999878
19-10-2022,33.79000092
20-10-2022,33.74000168
21-10-2022,33.5
24-10-2022,34.90999985
25-10-2022,36.45000076
26-10-2022,37.36000061
27-10-2022,38.04000092
28-10-2022,38.20000076
31-10-2022,38.54999924
01-11-2022,39.91999817
02-11-2022,39.22000122
03-11-2022,37.77999878
04-11-2022,39.38999939
07-11-2022,39.36000061
08-11-2022,39.47000122
09-11-2022,38.54999924
10-11-2022,39.15000153
11-11-2022,39.86000061
14-11-2022,41.00999832
15-11-2022,40.70000076
16-11-2022,39.75
17-11-2022,38.02999878
18-11-2022,39.5
21-11-2022,39.43999863
22-11-2022,39.88999939
23-11-2022,39.84999847
25-11-2022,39.81000137
28-11-2022,39.91999817
29-11-2022,39.61999893
30-11-2022,39.97999954
01-12-2022,40.77000046
02-12-2022,39.86000061
05-12-2022,39.47000122
06-12-2022,38.93000031
07-12-2022,37.66999817
08-12-2022,38.06999969
09-12-2022,37.84999847
12-12-2022,38.31999969
