Date,89 Price,92 Price,95 Price
2013/03/27,6.98,7.4,7.82
2013/03/28,6.98,7.4,7.82
2013/03/29,6.98,7.4,7.82
2013/03/30,6.98,7.4,7.82
2013/03/31,6.98,7.4,7.82
2013/04/01,6.98,7.4,7.82
2013/04/02,6.98,7.4,7.82
2013/04/03,6.98,7.4,7.82
2013/04/04,6.98,7.4,7.82
2013/04/05,6.98,7.4,7.82
2013/04/06,6.98,7.4,7.82
2013/04/07,6.98,7.4,7.82
2013/04/08,6.98,7.4,7.82
2013/04/09,6.98,7.4,7.82
2013/04/10,6.98,7.4,7.82
2013/04/11,6.98,7.4,7.82
2013/04/12,6.98,7.4,7.82
2013/04/13,6.98,7.4,7.82
2013/04/14,6.98,7.4,7.82
2013/04/15,6.98,7.4,7.82
2013/04/16,6.98,7.4,7.82
2013/04/17,6.98,7.4,7.82
2013/04/18,6.98,7.4,7.82
2013/04/19,6.98,7.4,7.82
2013/04/20,6.98,7.4,7.82
2013/04/21,6.98,7.4,7.82
2013/04/22,6.98,7.4,7.82
2013/04/23,6.98,7.4,7.82
2013/04/24,6.98,7.4,7.82
2013/04/25,6.68,7.08,7.49
2013/04/26,6.68,7.08,7.49
2013/04/27,6.68,7.08,7.49
2013/04/28,6.68,7.08,7.49
2013/04/29,6.68,7.08,7.49
2013/04/30,6.68,7.08,7.49
2013/05/01,6.68,7.08,7.49
2013/05/02,6.68,7.08,7.49
2013/05/03,6.68,7.08,7.49
2013/05/04,6.68,7.08,7.49
2013/05/05,6.68,7.08,7.49
2013/05/06,6.68,7.08,7.49
2013/05/07,6.68,7.08,7.49
2013/05/08,6.68,7.08,7.49
2013/05/09,6.68,7.08,7.49
2013/05/10,6.75,7.16,7.56
2013/05/11,6.75,7.16,7.56
2013/05/12,6.75,7.16,7.56
2013/05/13,6.75,7.16,7.56
2013/05/14,6.75,7.16,7.56
2013/05/15,6.75,7.16,7.56
2013/05/16,6.75,7.16,7.56
2013/05/17,6.75,7.16,7.56
2013/05/18,6.75,7.16,7.56
2013/05/19,6.75,7.16,7.56
2013/05/20,6.75,7.16,7.56
2013/05/21,6.75,7.16,7.56
2013/05/22,6.75,7.16,7.56
2013/05/23,6.75,7.16,7.56
2013/05/24,6.75,7.16,7.56
2013/05/25,6.75,7.16,7.56
2013/05/26,6.75,7.16,7.56
2013/05/27,6.75,7.16,7.56
2013/05/28,6.75,7.16,7.56
2013/05/29,6.75,7.16,7.56
2013/05/30,6.75,7.16,7.56
2013/05/31,6.75,7.16,7.56
2013/06/01,6.75,7.16,7.56
2013/06/02,6.75,7.16,7.56
2013/06/03,6.75,7.16,7.56
2013/06/04,6.75,7.16,7.56
2013/06/05,6.75,7.16,7.56
2013/06/06,6.75,7.16,7.56
2013/06/07,6.68,7.08,7.49
2013/06/08,6.68,7.08,7.49
2013/06/09,6.68,7.08,7.49
2013/06/10,6.68,7.08,7.49
2013/06/11,6.68,7.08,7.49
2013/06/12,6.68,7.08,7.49
2013/06/13,6.68,7.08,7.49
2013/06/14,6.68,7.08,7.49
2013/06/15,6.68,7.08,7.49
2013/06/16,6.68,7.08,7.49
2013/06/17,6.68,7.08,7.49
2013/06/18,6.68,7.08,7.49
2013/06/19,6.68,7.08,7.49
2013/06/20,6.68,7.08,7.49
2013/06/21,6.68,7.08,7.49
2013/06/22,6.76,7.16,7.57
2013/06/23,6.76,7.16,7.57
2013/06/24,6.76,7.16,7.57
2013/06/25,6.76,7.16,7.57
2013/06/26,6.76,7.16,7.57
2013/06/27,6.76,7.16,7.57
2013/06/28,6.76,7.16,7.57
2013/06/29,6.76,7.16,7.57
2013/06/30,6.76,7.16,7.57
2013/07/01,6.76,7.16,7.57
2013/07/02,6.76,7.16,7.57
2013/07/03,6.76,7.16,7.57
2013/07/04,6.76,7.16,7.57
2013/07/05,6.76,7.16,7.57
2013/07/06,6.7,7.1,7.5
2013/07/07,6.7,7.1,7.5
2013/07/08,6.7,7.1,7.5
2013/07/09,6.7,7.1,7.5
2013/07/10,6.7,7.1,7.5
2013/07/11,6.7,7.1,7.5
2013/07/12,6.7,7.1,7.5
2013/07/13,6.7,7.1,7.5
2013/07/14,6.7,7.1,7.5
2013/07/15,6.7,7.1,7.5
2013/07/16,6.7,7.1,7.5
2013/07/17,6.7,7.1,7.5
2013/07/18,6.7,7.1,7.5
2013/07/19,6.7,7.1,7.5
2013/07/20,6.94,7.36,7.77
2013/07/21,6.94,7.36,7.77
2013/07/22,6.94,7.36,7.77
2013/07/23,6.94,7.36,7.77
2013/07/24,6.94,7.36,7.77
2013/07/25,6.94,7.36,7.77
2013/07/26,6.94,7.36,7.77
2013/07/27,6.94,7.36,7.77
2013/07/28,6.94,7.36,7.77
2013/07/29,6.94,7.36,7.77
2013/07/30,6.94,7.36,7.77
2013/07/31,6.94,7.36,7.77
2013/08/01,6.94,7.36,7.77
2013/08/02,6.94,7.36,7.77
2013/08/03,6.94,7.36,7.77
2013/08/04,6.94,7.36,7.77
2013/08/05,6.94,7.36,7.77
2013/08/06,6.94,7.36,7.77
2013/08/07,6.94,7.36,7.77
2013/08/08,6.94,7.36,7.77
2013/08/09,6.94,7.36,7.77
2013/08/10,6.94,7.36,7.77
2013/08/11,6.94,7.36,7.77
2013/08/12,6.94,7.36,7.77
2013/08/13,6.94,7.36,7.77
2013/08/14,6.94,7.36,7.77
2013/08/15,6.94,7.36,7.77
2013/08/16,6.94,7.36,7.77
2013/08/17,6.94,7.36,7.77
2013/08/18,6.94,7.36,7.77
2013/08/19,6.94,7.36,7.77
2013/08/20,6.94,7.36,7.77
2013/08/21,6.94,7.36,7.77
2013/08/22,6.94,7.36,7.77
2013/08/23,6.94,7.36,7.77
2013/08/24,6.94,7.36,7.77
2013/08/25,6.94,7.36,7.77
2013/08/26,6.94,7.36,7.77
2013/08/27,6.94,7.36,7.77
2013/08/28,6.94,7.36,7.77
2013/08/29,6.94,7.36,7.77
2013/08/30,6.94,7.36,7.77
2013/08/31,7.12,7.54,7.97
2013/09/01,7.12,7.54,7.97
2013/09/02,7.12,7.54,7.97
2013/09/03,7.12,7.54,7.97
2013/09/04,7.12,7.54,7.97
2013/09/05,7.12,7.54,7.97
2013/09/06,7.12,7.54,7.97
2013/09/07,7.12,7.54,7.97
2013/09/08,7.12,7.54,7.97
2013/09/09,7.12,7.54,7.97
2013/09/10,7.12,7.54,7.97
2013/09/11,7.12,7.54,7.97
2013/09/12,7.12,7.54,7.97
2013/09/13,7.12,7.54,7.97
2013/09/14,7.18,7.62,8.05
2013/09/15,7.18,7.62,8.05
2013/09/16,7.18,7.62,8.05
2013/09/17,7.18,7.62,8.05
2013/09/18,7.18,7.62,8.05
2013/09/19,7.18,7.62,8.05
2013/09/20,7.18,7.62,8.05
2013/09/21,7.18,7.62,8.05
2013/09/22,7.18,7.62,8.05
2013/09/23,7.18,7.62,8.05
2013/09/24,7.18,7.62,8.05
2013/09/25,7.18,7.62,8.05
2013/09/26,7.18,7.62,8.05
2013/09/27,7.18,7.62,8.05
2013/09/28,7.18,7.62,8.05
2013/09/29,7.18,7.62,8.05
2013/09/30,7,7.42,7.84
2013/10/01,7,7.42,7.84
2013/10/02,7,7.42,7.84
2013/10/03,7,7.42,7.84
2013/10/04,7,7.42,7.84
2013/10/05,7,7.42,7.84
2013/10/06,7,7.42,7.84
2013/10/07,7,7.42,7.84
2013/10/08,7,7.42,7.84
2013/10/09,7,7.42,7.84
2013/10/10,7,7.42,7.84
2013/10/11,7,7.42,7.84
2013/10/12,7,7.42,7.84
2013/10/13,7,7.42,7.84
2013/10/14,7,7.42,7.84
2013/10/15,7,7.42,7.84
2013/10/16,7,7.42,7.84
2013/10/17,7,7.42,7.84
2013/10/18,7,7.42,7.84
2013/10/19,7,7.42,7.84
2013/10/20,7,7.42,7.84
2013/10/21,7,7.42,7.84
2013/10/22,7,7.42,7.84
2013/10/23,7,7.42,7.84
2013/10/24,7,7.42,7.84
2013/10/25,7,7.42,7.84
2013/10/26,7,7.42,7.84
2013/10/27,7,7.42,7.84
2013/10/28,7,7.42,7.84
2013/10/29,7,7.42,7.84
2013/10/30,7,7.42,7.84
2013/10/31,7,7.42,7.84
2013/11/01,7.29,7.73,8.16
2013/11/02,7.29,7.73,8.16
2013/11/03,7.29,7.73,8.16
2013/11/04,7.29,7.73,8.16
2013/11/05,7.29,7.73,8.16
2013/11/06,7.29,7.73,8.16
2013/11/07,7.29,7.73,8.16
2013/11/08,7.29,7.73,8.16
2013/11/09,7.29,7.73,8.16
2013/11/10,7.29,7.73,8.16
2013/11/11,7.29,7.73,8.16
2013/11/12,7.29,7.73,8.16
2013/11/13,7.29,7.73,8.16
2013/11/14,7.29,7.73,8.16
2013/11/15,7.17,7.6,8.03
2013/11/16,7.17,7.6,8.03
2013/11/17,7.17,7.6,8.03
2013/11/18,7.17,7.6,8.03
2013/11/19,7.17,7.6,8.03
2013/11/20,7.17,7.6,8.03
2013/11/21,7.17,7.6,8.03
2013/11/22,7.17,7.6,8.03
2013/11/23,7.17,7.6,8.03
2013/11/24,7.17,7.6,8.03
2013/11/25,7.17,7.6,8.03
2013/11/26,7.17,7.6,8.03
2013/11/27,7.17,7.6,8.03
2013/11/28,7.17,7.6,8.03
2013/11/29,7.29,7.73,8.16
2013/11/30,7.29,7.73,8.16
2013/12/01,7.29,7.73,8.16
2013/12/02,7.29,7.73,8.16
2013/12/03,7.29,7.73,8.16
2013/12/04,7.29,7.73,8.16
2013/12/05,7.29,7.73,8.16
2013/12/06,7.29,7.73,8.16
2013/12/07,7.29,7.73,8.16
2013/12/08,7.29,7.73,8.16
2013/12/09,7.29,7.73,8.16
2013/12/10,7.29,7.73,8.16
2013/12/11,7.29,7.73,8.16
2013/12/12,7.29,7.73,8.16
2013/12/13,7.33,7.77,8.21
2013/12/14,7.33,7.77,8.21
2013/12/15,7.33,7.77,8.21
2013/12/16,7.33,7.77,8.21
2013/12/17,7.33,7.77,8.21
2013/12/18,7.33,7.77,8.21
2013/12/19,7.33,7.77,8.21
2013/12/20,7.33,7.77,8.21
2013/12/21,7.33,7.77,8.21
2013/12/22,7.33,7.77,8.21
2013/12/23,7.33,7.77,8.21
2013/12/24,7.33,7.77,8.21
2013/12/25,7.33,7.77,8.21
2013/12/26,7.33,7.77,8.21
2013/12/27,7.33,7.77,8.21
2013/12/28,7.33,7.77,8.21
2013/12/29,7.33,7.77,8.21
2013/12/30,7.33,7.77,8.21
2013/12/31,7.33,7.77,8.21
2014/01/01,7.33,7.77,8.21
2014/01/02,7.33,7.77,8.21
2014/01/03,7.33,7.77,8.21
2014/01/04,7.33,7.77,8.21
2014/01/05,7.33,7.77,8.21
2014/01/06,7.33,7.77,8.21
2014/01/07,7.33,7.77,8.21
2014/01/08,7.33,7.77,8.21
2014/01/09,7.33,7.77,8.21
2014/01/10,7.33,7.77,8.21
2014/01/11,7.24,7.68,8.11
2014/01/12,7.24,7.68,8.11
2014/01/13,7.24,7.68,8.11
2014/01/14,7.24,7.68,8.11
2014/01/15,7.24,7.68,8.11
2014/01/16,7.24,7.68,8.11
2014/01/17,7.24,7.68,8.11
2014/01/18,7.24,7.68,8.11
2014/01/19,7.24,7.68,8.11
2014/01/20,7.24,7.68,8.11
2014/01/21,7.24,7.68,8.11
2014/01/22,7.24,7.68,8.11
2014/01/23,7.24,7.68,8.11
2014/01/24,7.24,7.68,8.11
2014/01/25,7.14,7.57,8
2014/01/26,7.14,7.57,8
2014/01/27,7.14,7.57,8
2014/01/28,7.14,7.57,8
2014/01/29,7.14,7.57,8
2014/01/30,7.14,7.57,8
2014/01/31,7.14,7.57,8
2014/02/01,7.14,7.57,8
2014/02/02,7.14,7.57,8
2014/02/03,7.14,7.57,8
2014/02/04,7.14,7.57,8
2014/02/05,7.14,7.57,8
2014/02/06,7.14,7.57,8
2014/02/07,7.14,7.57,8
2014/02/08,7.14,7.57,8
2014/02/09,7.14,7.57,8
2014/02/10,7.14,7.57,8
2014/02/11,7.14,7.57,8
2014/02/12,7.14,7.57,8
2014/02/13,7.14,7.57,8
2014/02/14,7.14,7.57,8
2014/02/15,7.14,7.57,8
2014/02/16,7.14,7.57,8
2014/02/17,7.14,7.57,8
2014/02/18,7.14,7.57,8
2014/02/19,7.14,7.57,8
2014/02/20,7.14,7.57,8
2014/02/21,7.14,7.57,8
2014/02/22,7.14,7.57,8
2014/02/23,7.14,7.57,8
2014/02/24,7.14,7.57,8
2014/02/25,7.14,7.57,8
2014/02/26,7.14,7.57,8
2014/02/27,7.3,7.73,8.17
2014/02/28,7.3,7.73,8.17
2014/03/01,7.3,7.73,8.17
2014/03/02,7.3,7.73,8.17
2014/03/03,7.3,7.73,8.17
2014/03/04,7.3,7.73,8.17
2014/03/05,7.3,7.73,8.17
2014/03/06,7.3,7.73,8.17
2014/03/07,7.3,7.73,8.17
2014/03/08,7.3,7.73,8.17
2014/03/09,7.3,7.73,8.17
2014/03/10,7.3,7.73,8.17
2014/03/11,7.3,7.73,8.17
2014/03/12,7.3,7.73,8.17
2014/03/13,7.3,7.73,8.17
2014/03/14,7.3,7.73,8.17
2014/03/15,7.3,7.73,8.17
2014/03/16,7.3,7.73,8.17
2014/03/17,7.3,7.73,8.17
2014/03/18,7.3,7.73,8.17
2014/03/19,7.3,7.73,8.17
2014/03/20,7.3,7.73,8.17
2014/03/21,7.3,7.73,8.17
2014/03/22,7.3,7.73,8.17
2014/03/23,7.3,7.73,8.17
2014/03/24,7.3,7.73,8.17
2014/03/25,7.3,7.73,8.17
2014/03/26,7.3,7.73,8.17
2014/03/27,7.2,7.63,8.06
2014/03/28,7.2,7.63,8.06
2014/03/29,7.2,7.63,8.06
2014/03/30,7.2,7.63,8.06
2014/03/31,7.2,7.63,8.06
2014/04/01,7.2,7.63,8.06
2014/04/02,7.2,7.63,8.06
2014/04/03,7.2,7.63,8.06
2014/04/04,7.2,7.63,8.06
2014/04/05,7.2,7.63,8.06
2014/04/06,7.2,7.63,8.06
2014/04/07,7.2,7.63,8.06
2014/04/08,7.2,7.63,8.06
2014/04/09,7.2,7.63,8.06
2014/04/10,7.2,7.63,8.06
2014/04/11,7.2,7.63,8.06
2014/04/12,7.2,7.63,8.06
2014/04/13,7.2,7.63,8.06
2014/04/14,7.2,7.63,8.06
2014/04/15,7.2,7.63,8.06
2014/04/16,7.2,7.63,8.06
2014/04/17,7.2,7.63,8.06
2014/04/18,7.2,7.63,8.06
2014/04/19,7.2,7.63,8.06
2014/04/20,7.2,7.63,8.06
2014/04/21,7.2,7.63,8.06
2014/04/22,7.2,7.63,8.06
2014/04/23,7.2,7.63,8.06
2014/04/24,7.2,7.63,8.06
2014/04/25,7.31,7.75,8.19
2014/04/26,7.31,7.75,8.19
2014/04/27,7.31,7.75,8.19
2014/04/28,7.31,7.75,8.19
2014/04/29,7.31,7.75,8.19
2014/04/30,7.31,7.75,8.19
2014/05/01,7.31,7.75,8.19
2014/05/02,7.31,7.75,8.19
2014/05/03,7.31,7.75,8.19
2014/05/04,7.31,7.75,8.19
2014/05/05,7.31,7.75,8.19
2014/05/06,7.31,7.75,8.19
2014/05/07,7.31,7.75,8.19
2014/05/08,7.31,7.75,8.19
2014/05/09,7.31,7.75,8.19
2014/05/10,7.27,7.71,8.26
2014/05/11,7.27,7.71,8.26
2014/05/12,7.27,7.71,8.26
2014/05/13,7.27,7.71,8.26
2014/05/14,7.27,7.71,8.26
2014/05/15,7.27,7.71,8.26
2014/05/16,7.27,7.71,8.26
2014/05/17,7.27,7.71,8.26
2014/05/18,7.27,7.71,8.26
2014/05/19,7.27,7.71,8.26
2014/05/20,7.27,7.71,8.26
2014/05/21,7.27,7.71,8.26
2014/05/22,7.27,7.71,8.26
2014/05/23,7.27,7.71,8.26
2014/05/24,7.33,7.77,8.32
2014/05/25,7.33,7.77,8.32
2014/05/26,7.33,7.77,8.32
2014/05/27,7.33,7.77,8.32
2014/05/28,7.33,7.77,8.32
2014/05/29,7.33,7.77,8.32
2014/05/30,7.33,7.77,8.32
2014/05/31,7.33,7.77,8.32
2014/06/01,7.33,7.77,8.32
2014/06/02,7.33,7.77,8.32
2014/06/03,7.33,7.77,8.32
2014/06/04,7.33,7.77,8.32
2014/06/05,7.33,7.77,8.32
2014/06/06,7.33,7.77,8.32
2014/06/07,7.33,7.77,8.32
2014/06/08,7.33,7.77,8.32
2014/06/09,7.33,7.77,8.32
2014/06/10,7.33,7.77,8.32
2014/06/11,7.33,7.77,8.32
2014/06/12,7.33,7.77,8.32
2014/06/13,7.33,7.77,8.32
2014/06/14,7.33,7.77,8.32
2014/06/15,7.33,7.77,8.32
2014/06/16,7.33,7.77,8.32
2014/06/17,7.33,7.77,8.32
2014/06/18,7.33,7.77,8.32
2014/06/19,7.33,7.77,8.32
2014/06/20,7.33,7.77,8.32
2014/06/21,7.33,7.77,8.32
2014/06/22,7.33,7.77,8.32
2014/06/23,7.33,7.77,8.32
2014/06/24,7.45,7.9,8.46
2014/06/25,7.45,7.9,8.46
2014/06/26,7.45,7.9,8.46
2014/06/27,7.45,7.9,8.46
2014/06/28,7.45,7.9,8.46
2014/06/29,7.45,7.9,8.46
2014/06/30,7.45,7.9,8.46
2014/07/01,7.45,7.9,8.46
2014/07/02,7.45,7.9,8.46
2014/07/03,7.45,7.9,8.46
2014/07/04,7.45,7.9,8.46
2014/07/05,7.45,7.9,8.46
2014/07/06,7.45,7.9,8.46
2014/07/07,7.45,7.9,8.46
2014/07/08,7.45,7.9,8.46
2014/07/09,7.45,7.9,8.46
2014/07/10,7.45,7.9,8.46
2014/07/11,7.45,7.9,8.46
2014/07/12,7.45,7.9,8.46
2014/07/13,7.45,7.9,8.46
2014/07/14,7.45,7.9,8.46
2014/07/15,7.45,7.9,8.46
2014/07/16,7.45,7.9,8.46
2014/07/17,7.45,7.9,8.46
2014/07/18,7.45,7.9,8.46
2014/07/19,7.45,7.9,8.46
2014/07/20,7.45,7.9,8.46
2014/07/21,7.45,7.9,8.46
2014/07/22,7.27,7.75,8.25
2014/07/23,7.27,7.75,8.25
2014/07/24,7.27,7.75,8.25
2014/07/25,7.27,7.75,8.25
2014/07/26,7.27,7.75,8.25
2014/07/27,7.27,7.75,8.25
2014/07/28,7.27,7.75,8.25
2014/07/29,7.27,7.75,8.25
2014/07/30,7.27,7.75,8.25
2014/07/31,7.27,7.75,8.25
2014/08/01,7.27,7.75,8.25
2014/08/02,7.27,7.75,8.25
2014/08/03,7.27,7.75,8.25
2014/08/04,7.27,7.75,8.25
2014/08/05,7.27,7.75,8.25
2014/08/06,7.27,7.75,8.25
2014/08/07,7.27,7.75,8.25
2014/08/08,7.27,7.75,8.25
2014/08/09,7.27,7.75,8.25
2014/08/10,7.27,7.75,8.25
2014/08/11,7.27,7.75,8.25
2014/08/12,7.27,7.75,8.25
2014/08/13,7.27,7.75,8.25
2014/08/14,7.27,7.75,8.25
2014/08/15,7.27,7.75,8.25
2014/08/16,7.27,7.75,8.25
2014/08/17,7.27,7.75,8.25
2014/08/18,7.27,7.75,8.25
2014/08/19,7.12,7.6,8.09
2014/08/20,7.12,7.6,8.09
2014/08/21,7.12,7.6,8.09
2014/08/22,7.12,7.6,8.09
2014/08/23,7.12,7.6,8.09
2014/08/24,7.12,7.6,8.09
2014/08/25,7.12,7.6,8.09
2014/08/26,7.12,7.6,8.09
2014/08/27,7.12,7.6,8.09
2014/08/28,7.12,7.6,8.09
2014/08/29,7.12,7.6,8.09
2014/08/30,7.12,7.6,8.09
2014/08/31,7.12,7.6,8.09
2014/09/01,7.12,7.6,8.09
2014/09/02,7.05,7.52,8
2014/09/03,7.05,7.52,8
2014/09/04,7.05,7.52,8
2014/09/05,7.05,7.52,8
2014/09/06,7.05,7.52,8
2014/09/07,7.05,7.52,8
2014/09/08,7.05,7.52,8
2014/09/09,7.05,7.52,8
2014/09/10,7.05,7.52,8
2014/09/11,7.05,7.52,8
2014/09/12,7.05,7.52,8
2014/09/13,7.05,7.52,8
2014/09/14,7.05,7.52,8
2014/09/15,7.05,7.52,8
2014/09/16,7.05,7.52,8
2014/09/17,6.94,7.41,7.88
2014/09/18,6.94,7.41,7.88
2014/09/19,6.94,7.41,7.88
2014/09/20,6.94,7.41,7.88
2014/09/21,6.94,7.41,7.88
2014/09/22,6.94,7.41,7.88
2014/09/23,6.94,7.41,7.88
2014/09/24,6.94,7.41,7.88
2014/09/25,6.94,7.41,7.88
2014/09/26,6.94,7.41,7.88
2014/09/27,6.94,7.41,7.88
2014/09/28,6.94,7.41,7.88
2014/09/29,6.94,7.41,7.88
2014/09/30,6.87,7.33,7.79
2014/10/01,6.87,7.33,7.79
2014/10/02,6.87,7.33,7.79
2014/10/03,6.87,7.33,7.79
2014/10/04,6.87,7.33,7.79
2014/10/05,6.87,7.33,7.79
2014/10/06,6.87,7.33,7.79
2014/10/07,6.87,7.33,7.79
2014/10/08,6.87,7.33,7.79
2014/10/09,6.87,7.33,7.79
2014/10/10,6.87,7.33,7.79
2014/10/11,6.87,7.33,7.79
2014/10/12,6.87,7.33,7.79
2014/10/13,6.87,7.33,7.79
2014/10/14,6.87,7.33,7.79
2014/10/15,6.87,7.33,7.79
2014/10/16,6.87,7.33,7.79
2014/10/17,6.87,7.33,7.79
2014/10/18,6.64,7.09,7.54
2014/10/19,6.64,7.09,7.54
2014/10/20,6.64,7.09,7.54
2014/10/21,6.64,7.09,7.54
2014/10/22,6.64,7.09,7.54
2014/10/23,6.64,7.09,7.54
2014/10/24,6.64,7.09,7.54
2014/10/25,6.64,7.09,7.54
2014/10/26,6.64,7.09,7.54
2014/10/27,6.64,7.09,7.54
2014/10/28,6.64,7.09,7.54
2014/10/29,6.64,7.09,7.54
2014/10/30,6.64,7.09,7.54
2014/10/31,6.64,7.09,7.54
2014/11/01,6.46,6.89,7.33
2014/11/02,6.46,6.89,7.33
2014/11/03,6.46,6.89,7.33
2014/11/04,6.46,6.89,7.33
2014/11/05,6.46,6.89,7.33
2014/11/06,6.46,6.89,7.33
2014/11/07,6.46,6.89,7.33
2014/11/08,6.46,6.89,7.33
2014/11/09,6.46,6.89,7.33
2014/11/10,6.46,6.89,7.33
2014/11/11,6.46,6.89,7.33
2014/11/12,6.46,6.89,7.33
2014/11/13,6.46,6.89,7.33
2014/11/14,6.46,6.89,7.33
2014/11/15,6.32,6.74,7.17
2014/11/16,6.32,6.74,7.17
2014/11/17,6.32,6.74,7.17
2014/11/18,6.32,6.74,7.17
2014/11/19,6.32,6.74,7.17
2014/11/20,6.32,6.74,7.17
2014/11/21,6.32,6.74,7.17
2014/11/22,6.32,6.74,7.17
2014/11/23,6.32,6.74,7.17
2014/11/24,6.32,6.74,7.17
2014/11/25,6.32,6.74,7.17
2014/11/26,6.32,6.74,7.17
2014/11/27,6.32,6.74,7.17
2014/11/28,6.32,6.74,7.17
2014/11/29,6.32,6.74,7.17
2014/11/30,6.32,6.74,7.17
2014/12/01,6.32,6.74,7.17
2014/12/02,6.32,6.74,7.17
2014/12/03,6.32,6.74,7.17
2014/12/04,6.32,6.74,7.17
2014/12/05,6.32,6.74,7.17
2014/12/06,6.32,6.74,7.17
2014/12/07,6.32,6.74,7.17
2014/12/08,6.32,6.74,7.17
2014/12/09,6.32,6.74,7.17
2014/12/10,6.32,6.74,7.17
2014/12/11,6.32,6.74,7.17
2014/12/12,6.32,6.74,7.17
2014/12/13,6.19,6.6,7.03
2014/12/14,6.19,6.6,7.03
2014/12/15,6.19,6.6,7.03
2014/12/16,6.19,6.6,7.03
2014/12/17,6.19,6.6,7.03
2014/12/18,6.19,6.6,7.03
2014/12/19,6.19,6.6,7.03
2014/12/20,6.19,6.6,7.03
2014/12/21,6.19,6.6,7.03
2014/12/22,6.19,6.6,7.03
2014/12/23,6.19,6.6,7.03
2014/12/24,6.19,6.6,7.03
2014/12/25,6.19,6.6,7.03
2014/12/26,6.19,6.6,7.03
2014/12/27,5.8,6.19,6.58
2014/12/28,5.8,6.19,6.58
2014/12/29,5.8,6.19,6.58
2014/12/30,5.8,6.19,6.58
2014/12/31,5.8,6.19,6.58
2015/01/01,5.8,6.19,6.58
2015/01/02,5.8,6.19,6.58
2015/01/03,5.8,6.19,6.58
2015/01/04,5.8,6.19,6.58
2015/01/05,5.8,6.19,6.58
2015/01/06,5.8,6.19,6.58
2015/01/07,5.8,6.19,6.58
2015/01/08,5.8,6.19,6.58
2015/01/09,5.8,6.19,6.58
2015/01/10,5.8,6.19,6.58
2015/01/11,5.8,6.19,6.58
2015/01/12,5.8,6.19,6.58
2015/01/13,5.67,6.05,6.43
2015/01/14,5.67,6.05,6.43
2015/01/15,5.67,6.05,6.43
2015/01/16,5.67,6.05,6.43
2015/01/17,5.67,6.05,6.43
2015/01/18,5.67,6.05,6.43
2015/01/19,5.67,6.05,6.43
2015/01/20,5.67,6.05,6.43
2015/01/21,5.67,6.05,6.43
2015/01/22,5.67,6.05,6.43
2015/01/23,5.67,6.05,6.43
2015/01/24,5.67,6.05,6.43
2015/01/25,5.67,6.05,6.43
2015/01/26,5.67,6.05,6.43
2015/01/27,5.39,5.75,6.12
2015/01/28,5.39,5.75,6.12
2015/01/29,5.39,5.75,6.12
2015/01/30,5.39,5.75,6.12
2015/01/31,5.39,5.75,6.12
2015/02/01,5.39,5.75,6.12
2015/02/02,5.39,5.75,6.12
2015/02/03,5.39,5.75,6.12
2015/02/04,5.39,5.75,6.12
2015/02/05,5.39,5.75,6.12
2015/02/06,5.39,5.75,6.12
2015/02/07,5.39,5.75,6.12
2015/02/08,5.39,5.75,6.12
2015/02/09,5.39,5.75,6.12
2015/02/10,5.61,5.99,6.37
2015/02/11,5.61,5.99,6.37
2015/02/12,5.61,5.99,6.37
2015/02/13,5.61,5.99,6.37
2015/02/14,5.61,5.99,6.37
2015/02/15,5.61,5.99,6.37
2015/02/16,5.61,5.99,6.37
2015/02/17,5.61,5.99,6.37
2015/02/18,5.61,5.99,6.37
2015/02/19,5.61,5.99,6.37
2015/02/20,5.61,5.99,6.37
2015/02/21,5.61,5.99,6.37
2015/02/22,5.61,5.99,6.37
2015/02/23,5.61,5.99,6.37
2015/02/24,5.61,5.99,6.37
2015/02/25,5.61,5.99,6.37
2015/02/26,5.61,5.99,6.37
2015/02/27,5.61,5.99,6.37
2015/02/28,5.9,6.3,6.7
2015/03/01,5.9,6.3,6.7
2015/03/02,5.9,6.3,6.7
2015/03/03,5.9,6.3,6.7
2015/03/04,5.9,6.3,6.7
2015/03/05,5.9,6.3,6.7
2015/03/06,5.9,6.3,6.7
2015/03/07,5.9,6.3,6.7
2015/03/08,5.9,6.3,6.7
2015/03/09,5.9,6.3,6.7
2015/03/10,5.9,6.3,6.7
2015/03/11,5.9,6.3,6.7
2015/03/12,5.9,6.3,6.7
2015/03/13,5.9,6.3,6.7
2015/03/14,5.9,6.3,6.7
2015/03/15,5.9,6.3,6.7
2015/03/16,5.9,6.3,6.7
2015/03/17,5.9,6.3,6.7
2015/03/18,5.9,6.3,6.7
2015/03/19,5.9,6.3,6.7
2015/03/20,5.9,6.3,6.7
2015/03/21,5.9,6.3,6.7
2015/03/22,5.9,6.3,6.7
2015/03/23,5.9,6.3,6.7
2015/03/24,5.9,6.3,6.7
2015/03/25,5.9,6.3,6.7
2015/03/26,5.9,6.3,6.7
2015/03/27,5.72,6.11,6.49
2015/03/28,5.72,6.11,6.49
2015/03/29,5.72,6.11,6.49
2015/03/30,5.72,6.11,6.49
2015/03/31,5.72,6.11,6.49
2015/04/01,5.72,6.11,6.49
2015/04/02,5.72,6.11,6.49
2015/04/03,5.72,6.11,6.49
2015/04/04,5.72,6.11,6.49
2015/04/05,5.72,6.11,6.49
2015/04/06,5.72,6.11,6.49
2015/04/07,5.72,6.11,6.49
2015/04/08,5.72,6.11,6.49
2015/04/09,5.72,6.11,6.49
2015/04/10,5.72,6.11,6.49
2015/04/11,5.81,6.2,6.6
2015/04/12,5.81,6.2,6.6
2015/04/13,5.81,6.2,6.6
2015/04/14,5.81,6.2,6.6
2015/04/15,5.81,6.2,6.6
2015/04/16,5.81,6.2,6.6
2015/04/17,5.81,6.2,6.6
2015/04/18,5.81,6.2,6.6
2015/04/19,5.81,6.2,6.6
2015/04/20,5.81,6.2,6.6
2015/04/21,5.81,6.2,6.6
2015/04/22,5.81,6.2,6.6
2015/04/23,5.81,6.2,6.6
2015/04/24,5.81,6.2,6.6
2015/04/25,6.04,6.44,6.85
2015/04/26,6.04,6.44,6.85
2015/04/27,6.04,6.44,6.85
2015/04/28,6.04,6.44,6.85
2015/04/29,6.04,6.44,6.85
2015/04/30,6.04,6.44,6.85
2015/05/01,6.04,6.44,6.85
2015/05/02,6.04,6.44,6.85
2015/05/03,6.04,6.44,6.85
2015/05/04,6.04,6.44,6.85
2015/05/05,6.04,6.44,6.85
2015/05/06,6.04,6.44,6.85
2015/05/07,6.04,6.44,6.85
2015/05/08,6.04,6.44,6.85
2015/05/09,6.04,6.44,6.85
2015/05/10,6.04,6.44,6.85
2015/05/11,6.04,6.44,6.85
2015/05/12,6.23,6.64,7.07
2015/05/13,6.23,6.64,7.07
2015/05/14,6.23,6.64,7.07
2015/05/15,6.23,6.64,7.07
2015/05/16,6.23,6.64,7.07
2015/05/17,6.23,6.64,7.07
2015/05/18,6.23,6.64,7.07
2015/05/19,6.23,6.64,7.07
2015/05/20,6.23,6.64,7.07
2015/05/21,6.23,6.64,7.07
2015/05/22,6.23,6.64,7.07
2015/05/23,6.23,6.64,7.07
2015/05/24,6.23,6.64,7.07
2015/05/25,6.23,6.64,7.07
2015/05/26,6.23,6.64,7.07
2015/05/27,6.23,6.64,7.07
2015/05/28,6.23,6.64,7.07
2015/05/29,6.23,6.64,7.07
2015/05/30,6.23,6.64,7.07
2015/05/31,6.23,6.64,7.07
2015/06/01,6.23,6.64,7.07
2015/06/02,6.23,6.64,7.07
2015/06/03,6.23,6.64,7.07
2015/06/04,6.23,6.64,7.07
2015/06/05,6.23,6.64,7.07
2015/06/06,6.23,6.64,7.07
2015/06/07,6.23,6.64,7.07
2015/06/08,6.23,6.64,7.07
2015/06/09,6.14,6.56,6.97
2015/06/10,6.14,6.56,6.97
2015/06/11,6.14,6.56,6.97
2015/06/12,6.14,6.56,6.97
2015/06/13,6.14,6.56,6.97
2015/06/14,6.14,6.56,6.97
2015/06/15,6.14,6.56,6.97
2015/06/16,6.14,6.56,6.97
2015/06/17,6.14,6.56,6.97
2015/06/18,6.14,6.56,6.97
2015/06/19,6.14,6.56,6.97
2015/06/20,6.14,6.56,6.97
2015/06/21,6.14,6.56,6.97
2015/06/22,6.14,6.56,6.97
2015/06/23,6.14,6.56,6.97
2015/06/24,6.14,6.56,6.97
2015/06/25,6.14,6.56,6.97
2015/06/26,6.14,6.56,6.97
2015/06/27,6.14,6.56,6.97
2015/06/28,6.14,6.56,6.97
2015/06/29,6.14,6.56,6.97
2015/06/30,6.14,6.56,6.97
2015/07/01,6.14,6.56,6.97
2015/07/02,6.14,6.56,6.97
2015/07/03,6.14,6.56,6.97
2015/07/04,6.14,6.56,6.97
2015/07/05,6.14,6.56,6.97
2015/07/06,6.14,6.56,6.97
2015/07/07,6.14,6.56,6.97
2015/07/08,6.07,6.48,6.89
2015/07/09,6.07,6.48,6.89
2015/07/10,6.07,6.48,6.89
2015/07/11,6.07,6.48,6.89
2015/07/12,6.07,6.48,6.89
2015/07/13,6.07,6.48,6.89
2015/07/14,6.07,6.48,6.89
2015/07/15,6.07,6.48,6.89
2015/07/16,6.07,6.48,6.89
2015/07/17,6.07,6.48,6.89
2015/07/18,6.07,6.48,6.89
2015/07/19,6.07,6.48,6.89
2015/07/20,6.07,6.48,6.89
2015/07/21,6.07,6.48,6.89
2015/07/22,5.88,6.27,6.67
2015/07/23,5.88,6.27,6.67
2015/07/24,5.88,6.27,6.67
2015/07/25,5.88,6.27,6.67
2015/07/26,5.88,6.27,6.67
2015/07/27,5.88,6.27,6.67
2015/07/28,5.88,6.27,6.67
2015/07/29,5.88,6.27,6.67
2015/07/30,5.88,6.27,6.67
2015/07/31,5.88,6.27,6.67
2015/08/01,5.88,6.27,6.67
2015/08/02,5.88,6.27,6.67
2015/08/03,5.88,6.27,6.67
2015/08/04,5.88,6.27,6.67
2015/08/05,5.71,6.09,6.48
2015/08/06,5.71,6.09,6.48
2015/08/07,5.71,6.09,6.48
2015/08/08,5.71,6.09,6.48
2015/08/09,5.71,6.09,6.48
2015/08/10,5.71,6.09,6.48
2015/08/11,5.71,6.09,6.48
2015/08/12,5.71,6.09,6.48
2015/08/13,5.71,6.09,6.48
2015/08/14,5.71,6.09,6.48
2015/08/15,5.71,6.09,6.48
2015/08/16,5.71,6.09,6.48
2015/08/17,5.71,6.09,6.48
2015/08/18,5.71,6.09,6.48
2015/08/19,5.55,5.93,6.3
2015/08/20,5.55,5.93,6.3
2015/08/21,5.55,5.93,6.3
2015/08/22,5.55,5.93,6.3
2015/08/23,5.55,5.93,6.3
2015/08/24,5.55,5.93,6.3
2015/08/25,5.55,5.93,6.3
2015/08/26,5.55,5.93,6.3
2015/08/27,5.55,5.93,6.3
2015/08/28,5.55,5.93,6.3
2015/08/29,5.55,5.93,6.3
2015/08/30,5.55,5.93,6.3
2015/08/31,5.55,5.93,6.3
2015/09/01,5.55,5.93,6.3
2015/09/02,5.46,5.83,6.2
2015/09/03,5.46,5.83,6.2
2015/09/04,5.46,5.83,6.2
2015/09/05,5.46,5.83,6.2
2015/09/06,5.46,5.83,6.2
2015/09/07,5.46,5.83,6.2
2015/09/08,5.46,5.83,6.2
2015/09/09,5.46,5.83,6.2
2015/09/10,5.46,5.83,6.2
2015/09/11,5.46,5.83,6.2
2015/09/12,5.46,5.83,6.2
2015/09/13,5.46,5.83,6.2
2015/09/14,5.46,5.83,6.2
2015/09/15,5.46,5.83,6.2
2015/09/16,5.46,5.83,6.2
2015/09/17,5.53,5.9,6.27
2015/09/18,5.53,5.9,6.27
2015/09/19,5.53,5.9,6.27
2015/09/20,5.53,5.9,6.27
2015/09/21,5.53,5.9,6.27
2015/09/22,5.53,5.9,6.27
2015/09/23,5.53,5.9,6.27
2015/09/24,5.53,5.9,6.27
2015/09/25,5.53,5.9,6.27
2015/09/26,5.53,5.9,6.27
2015/09/27,5.53,5.9,6.27
2015/09/28,5.53,5.9,6.27
2015/09/29,5.53,5.9,6.27
2015/09/30,5.53,5.9,6.27
2015/10/01,5.53,5.9,6.27
2015/10/02,5.53,5.9,6.27
2015/10/03,5.53,5.9,6.27
2015/10/04,5.53,5.9,6.27
2015/10/05,5.53,5.9,6.27
2015/10/06,5.53,5.9,6.27
2015/10/07,5.53,5.9,6.27
2015/10/08,5.53,5.9,6.27
2015/10/09,5.53,5.9,6.27
2015/10/10,5.53,5.9,6.27
2015/10/11,5.53,5.9,6.27
2015/10/12,5.53,5.9,6.27
2015/10/13,5.53,5.9,6.27
2015/10/14,5.53,5.9,6.27
2015/10/15,5.53,5.9,6.27
2015/10/16,5.53,5.9,6.27
2015/10/17,5.53,5.9,6.27
2015/10/18,5.53,5.9,6.27
2015/10/19,5.53,5.9,6.27
2015/10/20,5.53,5.9,6.27
2015/10/21,5.57,5.94,6.32
2015/10/22,5.57,5.94,6.32
2015/10/23,5.57,5.94,6.32
2015/10/24,5.57,5.94,6.32
2015/10/25,5.57,5.94,6.32
2015/10/26,5.57,5.94,6.32
2015/10/27,5.57,5.94,6.32
2015/10/28,5.57,5.94,6.32
2015/10/29,5.57,5.94,6.32
2015/10/30,5.57,5.94,6.32
2015/10/31,5.57,5.94,6.32
2015/11/01,5.57,5.94,6.32
2015/11/02,5.57,5.94,6.32
2015/11/03,5.57,5.94,6.32
2015/11/04,5.47,5.84,6.21
2015/11/05,5.47,5.84,6.21
2015/11/06,5.47,5.84,6.21
2015/11/07,5.47,5.84,6.21
2015/11/08,5.47,5.84,6.21
2015/11/09,5.47,5.84,6.21
2015/11/10,5.47,5.84,6.21
2015/11/11,5.47,5.84,6.21
2015/11/12,5.47,5.84,6.21
2015/11/13,5.47,5.84,6.21
2015/11/14,5.47,5.84,6.21
2015/11/15,5.47,5.84,6.21
2015/11/16,5.47,5.84,6.21
2015/11/17,5.47,5.84,6.21
2015/11/18,5.41,5.77,6.14
2015/11/19,5.41,5.77,6.14
2015/11/20,5.41,5.77,6.14
2015/11/21,5.41,5.77,6.14
2015/11/22,5.41,5.77,6.14
2015/11/23,5.41,5.77,6.14
2015/11/24,5.41,5.77,6.14
2015/11/25,5.41,5.77,6.14
2015/11/26,5.41,5.77,6.14
2015/11/27,5.41,5.77,6.14
2015/11/28,5.41,5.77,6.14
2015/11/29,5.41,5.77,6.14
2015/11/30,5.41,5.77,6.14
2015/12/01,5.41,5.77,6.14
2015/12/02,5.3,5.66,6.01
2015/12/03,5.3,5.66,6.01
2015/12/04,5.3,5.66,6.01
2015/12/05,5.3,5.66,6.01
2015/12/06,5.3,5.66,6.01
2015/12/07,5.3,5.66,6.01
2015/12/08,5.3,5.66,6.01
2015/12/09,5.3,5.66,6.01
2015/12/10,5.3,5.66,6.01
2015/12/11,5.3,5.66,6.01
2015/12/12,5.3,5.66,6.01
2015/12/13,5.3,5.66,6.01
2015/12/14,5.3,5.66,6.01
2015/12/15,5.3,5.66,6.01
2015/12/16,5.3,5.66,6.01
2015/12/17,5.3,5.66,6.01
2015/12/18,5.3,5.66,6.01
2015/12/19,5.3,5.66,6.01
2015/12/20,5.3,5.66,6.01
2015/12/21,5.3,5.66,6.01
2015/12/22,5.3,5.66,6.01
2015/12/23,5.3,5.66,6.01
2015/12/24,5.3,5.66,6.01
2015/12/25,5.3,5.66,6.01
2015/12/26,5.3,5.66,6.01
2015/12/27,5.3,5.66,6.01
2015/12/28,5.3,5.66,6.01
2015/12/29,5.3,5.66,6.01
2015/12/30,5.3,5.66,6.01
2015/12/31,5.3,5.66,6.01
2016/01/01,5.3,5.66,6.01
2016/01/02,5.3,5.66,6.01
2016/01/03,5.3,5.66,6.01
2016/01/04,5.3,5.66,6.01
2016/01/05,5.3,5.66,6.01
2016/01/06,5.3,5.66,6.01
2016/01/07,5.3,5.66,6.01
2016/01/08,5.3,5.66,6.01
2016/01/09,5.3,5.66,6.01
2016/01/10,5.3,5.66,6.01
2016/01/11,5.3,5.66,6.01
2016/01/12,5.3,5.66,6.01
2016/01/13,5.3,5.66,6.01
2016/01/14,5.19,5.54,5.9
2016/01/15,5.19,5.54,5.9
2016/01/16,5.19,5.54,5.9
2016/01/17,5.19,5.54,5.9
2016/01/18,5.19,5.54,5.9
2016/01/19,5.19,5.54,5.9
2016/01/20,5.19,5.54,5.9
2016/01/21,5.19,5.54,5.9
2016/01/22,5.19,5.54,5.9
2016/01/23,5.19,5.54,5.9
2016/01/24,5.19,5.54,5.9
2016/01/25,5.19,5.54,5.9
2016/01/26,5.19,5.54,5.9
2016/01/27,5.19,5.54,5.9
2016/01/28,5.19,5.54,5.9
2016/01/29,5.19,5.54,5.9
2016/01/30,5.19,5.54,5.9
2016/01/31,5.19,5.54,5.9
2016/02/01,5.19,5.54,5.9
2016/02/02,5.19,5.54,5.9
2016/02/03,5.19,5.54,5.9
2016/02/04,5.19,5.54,5.9
2016/02/05,5.19,5.54,5.9
2016/02/06,5.19,5.54,5.9
2016/02/07,5.19,5.54,5.9
2016/02/08,5.19,5.54,5.9
2016/02/09,5.19,5.54,5.9
2016/02/10,5.19,5.54,5.9
2016/02/11,5.19,5.54,5.9
2016/02/12,5.19,5.54,5.9
2016/02/13,5.19,5.54,5.9
2016/02/14,5.19,5.54,5.9
2016/02/15,5.19,5.54,5.9
2016/02/16,5.19,5.54,5.9
2016/02/17,5.19,5.54,5.9
2016/02/18,5.19,5.54,5.9
2016/02/19,5.19,5.54,5.9
2016/02/20,5.19,5.54,5.9
2016/02/21,5.19,5.54,5.9
2016/02/22,5.19,5.54,5.9
2016/02/23,5.19,5.54,5.9
2016/02/24,5.19,5.54,5.9
2016/02/25,5.19,5.54,5.9
2016/02/26,5.19,5.54,5.9
2016/02/27,5.19,5.54,5.9
2016/02/28,5.19,5.54,5.9
2016/02/29,5.19,5.54,5.9
2016/03/01,5.19,5.54,5.9
2016/03/02,5.19,5.54,5.9
2016/03/03,5.19,5.54,5.9
2016/03/04,5.19,5.54,5.9
2016/03/05,5.19,5.54,5.9
2016/03/06,5.19,5.54,5.9
2016/03/07,5.19,5.54,5.9
2016/03/08,5.19,5.54,5.9
2016/03/09,5.19,5.54,5.9
2016/03/10,5.19,5.54,5.9
2016/03/11,5.19,5.54,5.9
2016/03/12,5.19,5.54,5.9
2016/03/13,5.19,5.54,5.9
2016/03/14,5.19,5.54,5.9
2016/03/15,5.19,5.54,5.9
2016/03/16,5.19,5.54,5.9
2016/03/17,5.19,5.54,5.9
2016/03/18,5.19,5.54,5.9
2016/03/19,5.19,5.54,5.9
2016/03/20,5.19,5.54,5.9
2016/03/21,5.19,5.54,5.9
2016/03/22,5.19,5.54,5.9
2016/03/23,5.19,5.54,5.9
2016/03/24,5.19,5.54,5.9
2016/03/25,5.19,5.54,5.9
2016/03/26,5.19,5.54,5.9
2016/03/27,5.19,5.54,5.9
2016/03/28,5.19,5.54,5.9
2016/03/29,5.19,5.54,5.9
2016/03/30,5.19,5.54,5.9
2016/03/31,5.19,5.54,5.9
2016/04/01,5.19,5.54,5.9
2016/04/02,5.19,5.54,5.9
2016/04/03,5.19,5.54,5.9
2016/04/04,5.19,5.54,5.9
2016/04/05,5.19,5.54,5.9
2016/04/06,5.19,5.54,5.9
2016/04/07,5.19,5.54,5.9
2016/04/08,5.19,5.54,5.9
2016/04/09,5.19,5.54,5.9
2016/04/10,5.19,5.54,5.9
2016/04/11,5.19,5.54,5.9
2016/04/12,5.19,5.54,5.9
2016/04/13,5.19,5.54,5.9
2016/04/14,5.19,5.54,5.9
2016/04/15,5.19,5.54,5.9
2016/04/16,5.19,5.54,5.9
2016/04/17,5.19,5.54,5.9
2016/04/18,5.19,5.54,5.9
2016/04/19,5.19,5.54,5.9
2016/04/20,5.19,5.54,5.9
2016/04/21,5.19,5.54,5.9
2016/04/22,5.19,5.54,5.9
2016/04/23,5.19,5.54,5.9
2016/04/24,5.19,5.54,5.9
2016/04/25,5.19,5.54,5.9
2016/04/26,5.19,5.54,5.9
2016/04/27,5.32,5.68,6.04
2016/04/28,5.32,5.68,6.04
2016/04/29,5.32,5.68,6.04
2016/04/30,5.32,5.68,6.04
2016/05/01,5.32,5.68,6.04
2016/05/02,5.32,5.68,6.04
2016/05/03,5.32,5.68,6.04
2016/05/04,5.32,5.68,6.04
2016/05/05,5.32,5.68,6.04
2016/05/06,5.32,5.68,6.04
2016/05/07,5.32,5.68,6.04
2016/05/08,5.32,5.68,6.04
2016/05/09,5.32,5.68,6.04
2016/05/10,5.32,5.68,6.04
2016/05/11,5.32,5.68,6.04
2016/05/12,5.41,5.77,6.14
2016/05/13,5.41,5.77,6.14
2016/05/14,5.41,5.77,6.14
2016/05/15,5.41,5.77,6.14
2016/05/16,5.41,5.77,6.14
2016/05/17,5.41,5.77,6.14
2016/05/18,5.41,5.77,6.14
2016/05/19,5.41,5.77,6.14
2016/05/20,5.41,5.77,6.14
2016/05/21,5.41,5.77,6.14
2016/05/22,5.41,5.77,6.14
2016/05/23,5.41,5.77,6.14
2016/05/24,5.41,5.77,6.14
2016/05/25,5.41,5.77,6.14
2016/05/26,5.57,5.94,6.32
2016/05/27,5.57,5.94,6.32
2016/05/28,5.57,5.94,6.32
2016/05/29,5.57,5.94,6.32
2016/05/30,5.57,5.94,6.32
2016/05/31,5.57,5.94,6.32
2016/06/01,5.57,5.94,6.32
2016/06/02,5.57,5.94,6.32
2016/06/03,5.57,5.94,6.32
2016/06/04,5.57,5.94,6.32
2016/06/05,5.57,5.94,6.32
2016/06/06,5.57,5.94,6.32
2016/06/07,5.57,5.94,6.32
2016/06/08,5.57,5.94,6.32
2016/06/09,5.65,6.03,6.41
2016/06/10,5.65,6.03,6.41
2016/06/11,5.65,6.03,6.41
2016/06/12,5.65,6.03,6.41
2016/06/13,5.65,6.03,6.41
2016/06/14,5.65,6.03,6.41
2016/06/15,5.65,6.03,6.41
2016/06/16,5.65,6.03,6.41
2016/06/17,5.65,6.03,6.41
2016/06/18,5.65,6.03,6.41
2016/06/19,5.65,6.03,6.41
2016/06/20,5.65,6.03,6.41
2016/06/21,5.65,6.03,6.41
2016/06/22,5.65,6.03,6.41
2016/06/23,5.65,6.03,6.41
2016/06/24,5.65,6.03,6.41
2016/06/25,5.65,6.03,6.41
2016/06/26,5.65,6.03,6.41
2016/06/27,5.65,6.03,6.41
2016/06/28,5.65,6.03,6.41
2016/06/29,5.65,6.03,6.41
2016/06/30,5.65,6.03,6.41
2016/07/01,5.65,6.03,6.41
2016/07/02,5.65,6.03,6.41
2016/07/03,5.65,6.03,6.41
2016/07/04,5.65,6.03,6.41
2016/07/05,5.65,6.03,6.41
2016/07/06,5.65,6.03,6.41
2016/07/07,5.65,6.03,6.41
2016/07/08,5.65,6.03,6.41
2016/07/09,5.65,6.03,6.41
2016/07/10,5.65,6.03,6.41
2016/07/11,5.65,6.03,6.41
2016/07/12,5.65,6.03,6.41
2016/07/13,5.65,6.03,6.41
2016/07/14,5.65,6.03,6.41
2016/07/15,5.65,6.03,6.41
2016/07/16,5.65,6.03,6.41
2016/07/17,5.65,6.03,6.41
2016/07/18,5.65,6.03,6.41
2016/07/19,5.65,6.03,6.41
2016/07/20,5.65,6.03,6.41
2016/07/21,5.65,6.03,6.41
2016/07/22,5.53,5.9,6.28
2016/07/23,5.53,5.9,6.28
2016/07/24,5.53,5.9,6.28
2016/07/25,5.53,5.9,6.28
2016/07/26,5.53,5.9,6.28
2016/07/27,5.53,5.9,6.28
2016/07/28,5.53,5.9,6.28
2016/07/29,5.53,5.9,6.28
2016/07/30,5.53,5.9,6.28
2016/07/31,5.53,5.9,6.28
2016/08/01,5.53,5.9,6.28
2016/08/02,5.53,5.9,6.28
2016/08/03,5.53,5.9,6.28
2016/08/04,5.53,5.9,6.28
2016/08/05,5.37,5.73,6.09
2016/08/06,5.37,5.73,6.09
2016/08/07,5.37,5.73,6.09
2016/08/08,5.37,5.73,6.09
2016/08/09,5.37,5.73,6.09
2016/08/10,5.37,5.73,6.09
2016/08/11,5.37,5.73,6.09
2016/08/12,5.37,5.73,6.09
2016/08/13,5.37,5.73,6.09
2016/08/14,5.37,5.73,6.09
2016/08/15,5.37,5.73,6.09
2016/08/16,5.37,5.73,6.09
2016/08/17,5.37,5.73,6.09
2016/08/18,5.37,5.73,6.09
2016/08/19,5.5,5.87,6.24
2016/08/20,5.5,5.87,6.24
2016/08/21,5.5,5.87,6.24
2016/08/22,5.5,5.87,6.24
2016/08/23,5.5,5.87,6.24
2016/08/24,5.5,5.87,6.24
2016/08/25,5.5,5.87,6.24
2016/08/26,5.5,5.87,6.24
2016/08/27,5.5,5.87,6.24
2016/08/28,5.5,5.87,6.24
2016/08/29,5.5,5.87,6.24
2016/08/30,5.5,5.87,6.24
2016/08/31,5.5,5.87,6.24
2016/09/01,5.5,5.87,6.24
2016/09/02,5.65,6.03,6.41
2016/09/03,5.65,6.03,6.41
2016/09/04,5.65,6.03,6.41
2016/09/05,5.65,6.03,6.41
2016/09/06,5.65,6.03,6.41
2016/09/07,5.65,6.03,6.41
2016/09/08,5.65,6.03,6.41
2016/09/09,5.65,6.03,6.41
2016/09/10,5.65,6.03,6.41
2016/09/11,5.65,6.03,6.41
2016/09/12,5.65,6.03,6.41
2016/09/13,5.65,6.03,6.41
2016/09/14,5.65,6.03,6.41
2016/09/15,5.65,6.03,6.41
2016/09/16,5.65,6.03,6.41
2016/09/17,5.65,6.03,6.41
2016/09/18,5.65,6.03,6.41
2016/09/19,5.54,5.91,6.28
2016/09/20,5.54,5.91,6.28
2016/09/21,5.54,5.91,6.28
2016/09/22,5.54,5.91,6.28
2016/09/23,5.54,5.91,6.28
2016/09/24,5.54,5.91,6.28
2016/09/25,5.54,5.91,6.28
2016/09/26,5.54,5.91,6.28
2016/09/27,5.54,5.91,6.28
2016/09/28,5.54,5.91,6.28
2016/09/29,5.54,5.91,6.28
2016/09/30,5.54,5.91,6.28
2016/10/01,5.54,5.91,6.28
2016/10/02,5.54,5.91,6.28
2016/10/03,5.54,5.91,6.28
2016/10/04,5.54,5.91,6.28
2016/10/05,5.54,5.91,6.28
2016/10/06,5.54,5.91,6.28
2016/10/07,5.54,5.91,6.28
2016/10/08,5.54,5.91,6.28
2016/10/09,5.54,5.91,6.28
2016/10/10,5.54,5.91,6.28
2016/10/11,5.54,5.91,6.28
2016/10/12,5.54,5.91,6.28
2016/10/13,5.54,5.91,6.28
2016/10/14,5.54,5.91,6.28
2016/10/15,5.54,5.91,6.28
2016/10/16,5.54,5.91,6.28
2016/10/17,5.54,5.91,6.28
2016/10/18,5.54,5.91,6.28
2016/10/19,5.54,5.91,6.28
2016/10/20,5.8,6.19,6.58
2016/10/21,5.8,6.19,6.58
2016/10/22,5.8,6.19,6.58
2016/10/23,5.8,6.19,6.58
2016/10/24,5.8,6.19,6.58
2016/10/25,5.8,6.19,6.58
2016/10/26,5.8,6.19,6.58
2016/10/27,5.8,6.19,6.58
2016/10/28,5.8,6.19,6.58
2016/10/29,5.8,6.19,6.58
2016/10/30,5.8,6.19,6.58
2016/10/31,5.8,6.19,6.58
2016/11/01,5.8,6.19,6.58
2016/11/02,5.8,6.19,6.58
2016/11/03,5.8,6.19,6.58
2016/11/04,5.8,6.19,6.58
2016/11/05,5.8,6.19,6.58
2016/11/06,5.8,6.19,6.58
2016/11/07,5.8,6.19,6.58
2016/11/08,5.8,6.19,6.58
2016/11/09,5.8,6.19,6.58
2016/11/10,5.8,6.19,6.58
2016/11/11,5.8,6.19,6.58
2016/11/12,5.8,6.19,6.58
2016/11/13,5.8,6.19,6.58
2016/11/14,5.8,6.19,6.58
2016/11/15,5.8,6.19,6.58
2016/11/16,5.8,6.19,6.58
2016/11/17,5.53,5.9,6.27
2016/11/18,5.53,5.9,6.27
2016/11/19,5.53,5.9,6.27
2016/11/20,5.53,5.9,6.27
2016/11/21,5.53,5.9,6.27
2016/11/22,5.53,5.9,6.27
2016/11/23,5.53,5.9,6.27
2016/11/24,5.53,5.9,6.27
2016/11/25,5.53,5.9,6.27
2016/11/26,5.53,5.9,6.27
2016/11/27,5.53,5.9,6.27
2016/11/28,5.53,5.9,6.27
2016/11/29,5.53,5.9,6.27
2016/11/30,5.53,5.9,6.27
2016/12/01,5.66,6.04,6.42
2016/12/02,5.66,6.04,6.42
2016/12/03,5.66,6.04,6.42
2016/12/04,5.66,6.04,6.42
2016/12/05,5.66,6.04,6.42
2016/12/06,5.66,6.04,6.42
2016/12/07,5.66,6.04,6.42
2016/12/08,5.66,6.04,6.42
2016/12/09,5.66,6.04,6.42
2016/12/10,5.66,6.04,6.42
2016/12/11,5.66,6.04,6.42
2016/12/12,5.66,6.04,6.42
2016/12/13,5.66,6.04,6.42
2016/12/14,5.66,6.04,6.42
2016/12/15,5.98,6.39,6.79
2016/12/16,5.98,6.39,6.79
2016/12/17,5.98,6.39,6.79
2016/12/18,5.98,6.39,6.79
2016/12/19,5.98,6.39,6.79
2016/12/20,5.98,6.39,6.79
2016/12/21,5.98,6.39,6.79
2016/12/22,5.98,6.39,6.79
2016/12/23,5.98,6.39,6.79
2016/12/24,5.98,6.39,6.79
2016/12/25,5.98,6.39,6.79
2016/12/26,5.98,6.39,6.79
2016/12/27,5.98,6.39,6.79
2016/12/28,5.98,6.39,6.79
2016/12/29,6.06,6.47,6.88
2016/12/30,6.06,6.47,6.88
2016/12/31,6.06,6.47,6.88
2017/01/01,6.06,6.47,6.88
2017/01/02,6.06,6.47,6.88
2017/01/03,6.06,6.47,6.88
2017/01/04,6.06,6.47,6.88
2017/01/05,6.06,6.47,6.88
2017/01/06,6.06,6.47,6.88
2017/01/07,6.06,6.47,6.88
2017/01/08,6.06,6.47,6.88
2017/01/09,6.06,6.47,6.88
2017/01/10,6.06,6.47,6.88
2017/01/11,6.06,6.47,6.88
2017/01/12,6.06,6.47,6.88
2017/01/13,6.11,6.52,6.94
2017/01/14,6.11,6.52,6.94
2017/01/15,6.11,6.52,6.94
2017/01/16,6.11,6.52,6.94
2017/01/17,6.11,6.52,6.94
2017/01/18,6.11,6.52,6.94
2017/01/19,6.11,6.52,6.94
2017/01/20,6.11,6.52,6.94
2017/01/21,6.11,6.52,6.94
2017/01/22,6.11,6.52,6.94
2017/01/23,6.11,6.52,6.94
2017/01/24,6.11,6.52,6.94
2017/01/25,6.11,6.52,6.94
2017/01/26,6.06,6.47,6.88
2017/01/27,6.06,6.47,6.88
2017/01/28,6.06,6.47,6.88
2017/01/29,6.06,6.47,6.88
2017/01/30,6.06,6.47,6.88
2017/01/31,6.06,6.47,6.88
2017/02/01,6.06,6.47,6.88
2017/02/02,6.06,6.47,6.88
2017/02/03,6.06,6.47,6.88
2017/02/04,6.06,6.47,6.88
2017/02/05,6.06,6.47,6.88
2017/02/06,6.06,6.47,6.88
2017/02/07,6.06,6.47,6.88
2017/02/08,6.06,6.47,6.88
2017/02/09,6.06,6.47,6.88
2017/02/10,6.06,6.47,6.88
2017/02/11,6.06,6.47,6.88
2017/02/12,6.06,6.47,6.88
2017/02/13,6.06,6.47,6.88
2017/02/14,6.06,6.47,6.88
2017/02/15,6.1,6.51,6.92
2017/02/16,6.1,6.51,6.92
2017/02/17,6.1,6.51,6.92
2017/02/18,6.1,6.51,6.92
2017/02/19,6.1,6.51,6.92
2017/02/20,6.1,6.51,6.92
2017/02/21,6.1,6.51,6.92
2017/02/22,6.1,6.51,6.92
2017/02/23,6.1,6.51,6.92
2017/02/24,6.1,6.51,6.92
2017/02/25,6.1,6.51,6.92
2017/02/26,6.1,6.51,6.92
2017/02/27,6.1,6.51,6.92
2017/02/28,6.1,6.51,6.92
2017/03/01,6.1,6.51,6.92
2017/03/02,6.1,6.51,6.92
2017/03/03,6.1,6.51,6.92
2017/03/04,6.1,6.51,6.92
2017/03/05,6.1,6.51,6.92
2017/03/06,6.1,6.51,6.92
2017/03/07,6.1,6.51,6.92
2017/03/08,6.1,6.51,6.92
2017/03/09,6.1,6.51,6.92
2017/03/10,6.1,6.51,6.92
2017/03/11,6.1,6.51,6.92
2017/03/12,6.1,6.51,6.92
2017/03/13,6.1,6.51,6.92
2017/03/14,6.1,6.51,6.92
2017/03/15,6.03,6.44,6.85
2017/03/16,6.03,6.44,6.85
2017/03/17,6.03,6.44,6.85
2017/03/18,6.03,6.44,6.85
2017/03/19,6.03,6.44,6.85
2017/03/20,6.03,6.44,6.85
2017/03/21,6.03,6.44,6.85
2017/03/22,6.03,6.44,6.85
2017/03/23,6.03,6.44,6.85
2017/03/24,6.03,6.44,6.85
2017/03/25,6.03,6.44,6.85
2017/03/26,6.03,6.44,6.85
2017/03/27,6.03,6.44,6.85
2017/03/28,6.03,6.44,6.85
2017/03/29,5.86,6.25,6.65
2017/03/30,5.86,6.25,6.65
2017/03/31,5.86,6.25,6.65
2017/04/01,5.86,6.25,6.65
2017/04/02,5.86,6.25,6.65
2017/04/03,5.86,6.25,6.65
2017/04/04,5.86,6.25,6.65
2017/04/05,5.86,6.25,6.65
2017/04/06,5.86,6.25,6.65
2017/04/07,5.86,6.25,6.65
2017/04/08,5.86,6.25,6.65
2017/04/09,5.86,6.25,6.65
2017/04/10,5.86,6.25,6.65
2017/04/11,5.86,6.25,6.65
2017/04/12,5.86,6.25,6.65
2017/04/13,6.01,6.41,6.82
2017/04/14,6.01,6.41,6.82
2017/04/15,6.01,6.41,6.82
2017/04/16,6.01,6.41,6.82
2017/04/17,6.01,6.41,6.82
2017/04/18,6.01,6.41,6.82
2017/04/19,6.01,6.41,6.82
2017/04/20,6.01,6.41,6.82
2017/04/21,6.01,6.41,6.82
2017/04/22,6.01,6.41,6.82
2017/04/23,6.01,6.41,6.82
2017/04/24,6.01,6.41,6.82
2017/04/25,6.01,6.41,6.82
2017/04/26,6.01,6.41,6.82
2017/04/27,6.01,6.41,6.82
2017/04/28,6.01,6.41,6.82
2017/04/29,6.01,6.41,6.82
2017/04/30,6.01,6.41,6.82
2017/05/01,6.01,6.41,6.82
2017/05/02,6.01,6.41,6.82
2017/05/03,6.01,6.41,6.82
2017/05/04,6.01,6.41,6.82
2017/05/05,6.01,6.41,6.82
2017/05/06,6.01,6.41,6.82
2017/05/07,6.01,6.41,6.82
2017/05/08,6.01,6.41,6.82
2017/05/09,6.01,6.41,6.82
2017/05/10,6.01,6.41,6.82
2017/05/11,6.01,6.41,6.82
2017/05/12,5.82,6.21,6.61
2017/05/13,5.82,6.21,6.61
2017/05/14,5.82,6.21,6.61
2017/05/15,5.82,6.21,6.61
2017/05/16,5.82,6.21,6.61
2017/05/17,5.82,6.21,6.61
2017/05/18,5.82,6.21,6.61
2017/05/19,5.82,6.21,6.61
2017/05/20,5.82,6.21,6.61
2017/05/21,5.82,6.21,6.61
2017/05/22,5.82,6.21,6.61
2017/05/23,5.82,6.21,6.61
2017/05/24,5.82,6.21,6.61
2017/05/25,5.82,6.21,6.61
2017/05/26,5.93,6.33,6.73
2017/05/27,5.93,6.33,6.73
2017/05/28,5.93,6.33,6.73
2017/05/29,5.93,6.33,6.73
2017/05/30,5.93,6.33,6.73
2017/05/31,5.93,6.33,6.73
2017/06/01,5.93,6.33,6.73
2017/06/02,5.93,6.33,6.73
2017/06/03,5.93,6.33,6.73
2017/06/04,5.93,6.33,6.73
2017/06/05,5.93,6.33,6.73
2017/06/06,5.93,6.33,6.73
2017/06/07,5.93,6.33,6.73
2017/06/08,5.93,6.33,6.73
2017/06/09,5.93,6.33,6.73
2017/06/10,5.79,6.18,6.58
2017/06/11,5.79,6.18,6.58
2017/06/12,5.79,6.18,6.58
2017/06/13,5.79,6.18,6.58
2017/06/14,5.79,6.18,6.58
2017/06/15,5.79,6.18,6.58
2017/06/16,5.79,6.18,6.58
2017/06/17,5.79,6.18,6.58
2017/06/18,5.79,6.18,6.58
2017/06/19,5.79,6.18,6.58
2017/06/20,5.79,6.18,6.58
2017/06/21,5.79,6.18,6.58
2017/06/22,5.79,6.18,6.58
2017/06/23,5.79,6.18,6.58
2017/06/24,5.61,5.98,6.36
2017/06/25,5.61,5.98,6.36
2017/06/26,5.61,5.98,6.36
2017/06/27,5.61,5.98,6.36
2017/06/28,5.61,5.98,6.36
2017/06/29,5.61,5.98,6.36
2017/06/30,5.61,5.98,6.36
2017/07/01,5.61,5.98,6.36
2017/07/02,5.61,5.98,6.36
2017/07/03,5.61,5.98,6.36
2017/07/04,5.61,5.98,6.36
2017/07/05,5.61,5.98,6.36
2017/07/06,5.61,5.98,6.36
2017/07/07,5.61,5.98,6.36
2017/07/08,5.61,5.98,6.36
2017/07/09,5.61,5.98,6.36
2017/07/10,5.61,5.98,6.36
2017/07/11,5.61,5.98,6.36
2017/07/12,5.61,5.98,6.36
2017/07/13,5.61,5.98,6.36
2017/07/14,5.61,5.98,6.36
2017/07/15,5.61,5.98,6.36
2017/07/16,5.61,5.98,6.36
2017/07/17,5.61,5.98,6.36
2017/07/18,5.61,5.98,6.36
2017/07/19,5.61,5.98,6.36
2017/07/20,5.61,5.98,6.36
2017/07/21,5.61,5.98,6.36
2017/07/22,5.66,6.04,6.43
2017/07/23,5.66,6.04,6.43
2017/07/24,5.66,6.04,6.43
2017/07/25,5.66,6.04,6.43
2017/07/26,5.66,6.04,6.43
2017/07/27,5.66,6.04,6.43
2017/07/28,5.66,6.04,6.43
2017/07/29,5.66,6.04,6.43
2017/07/30,5.66,6.04,6.43
2017/07/31,5.66,6.04,6.43
2017/08/01,5.66,6.04,6.43
2017/08/02,5.66,6.04,6.43
2017/08/03,5.66,6.04,6.43
2017/08/04,5.66,6.04,6.43
2017/08/05,5.79,6.18,6.58
2017/08/06,5.79,6.18,6.58
2017/08/07,5.79,6.18,6.58
2017/08/08,5.79,6.18,6.58
2017/08/09,5.79,6.18,6.58
2017/08/10,5.79,6.18,6.58
2017/08/11,5.79,6.18,6.58
2017/08/12,5.79,6.18,6.58
2017/08/13,5.79,6.18,6.58
2017/08/14,5.79,6.18,6.58
2017/08/15,5.79,6.18,6.58
2017/08/16,5.79,6.18,6.58
2017/08/17,5.79,6.18,6.58
2017/08/18,5.79,6.18,6.58
2017/08/19,5.79,6.18,6.58
2017/08/20,5.79,6.18,6.58
2017/08/21,5.79,6.18,6.58
2017/08/22,5.79,6.18,6.58
2017/08/23,5.79,6.18,6.58
2017/08/24,5.79,6.18,6.58
2017/08/25,5.79,6.18,6.58
2017/08/26,5.79,6.18,6.58
2017/08/27,5.79,6.18,6.58
2017/08/28,5.79,6.18,6.58
2017/08/29,5.79,6.18,6.58
2017/08/30,5.79,6.18,6.58
2017/08/31,5.79,6.18,6.58
2017/09/01,5.79,6.18,6.58
2017/09/02,5.79,6.18,6.58
2017/09/03,5.79,6.18,6.58
2017/09/04,5.79,6.18,6.58
2017/09/05,5.79,6.18,6.58
2017/09/06,5.79,6.18,6.58
2017/09/07,5.79,6.18,6.58
2017/09/08,5.79,6.18,6.58
2017/09/09,5.79,6.18,6.58
2017/09/10,5.79,6.18,6.58
2017/09/11,5.79,6.18,6.58
2017/09/12,5.79,6.18,6.58
2017/09/13,5.79,6.18,6.58
2017/09/14,5.79,6.18,6.58
2017/09/15,5.79,6.18,6.58
2017/09/16,5.86,6.26,6.66
2017/09/17,5.86,6.26,6.66
2017/09/18,5.86,6.26,6.66
2017/09/19,5.86,6.26,6.66
2017/09/20,5.86,6.26,6.66
2017/09/21,5.86,6.26,6.66
2017/09/22,5.86,6.26,6.66
2017/09/23,5.86,6.26,6.66
2017/09/24,5.86,6.26,6.66
2017/09/25,5.86,6.26,6.66
2017/09/26,5.86,6.26,6.66
2017/09/27,5.86,6.26,6.66
2017/09/28,5.86,6.26,6.66
2017/09/29,5.86,6.26,6.66
2017/09/30,6.02,6.43,6.83
2017/10/01,6.02,6.43,6.83
2017/10/02,6.02,6.43,6.83
2017/10/03,6.02,6.43,6.83
2017/10/04,6.02,6.43,6.83
2017/10/05,6.02,6.43,6.83
2017/10/06,6.02,6.43,6.83
2017/10/07,6.02,6.43,6.83
2017/10/08,6.02,6.43,6.83
2017/10/09,6.02,6.43,6.83
2017/10/10,6.02,6.43,6.83
2017/10/11,6.02,6.43,6.83
2017/10/12,6.02,6.43,6.83
2017/10/13,6.02,6.43,6.83
2017/10/14,6.02,6.43,6.83
2017/10/15,6.02,6.43,6.83
2017/10/16,6.02,6.43,6.83
2017/10/17,6.02,6.43,6.83
2017/10/18,6.02,6.43,6.83
2017/10/19,6.02,6.43,6.83
2017/10/20,6.02,6.43,6.83
2017/10/21,6.02,6.43,6.83
2017/10/22,6.02,6.43,6.83
2017/10/23,6.02,6.43,6.83
2017/10/24,6.02,6.43,6.83
2017/10/25,6.02,6.43,6.83
2017/10/26,6.02,6.43,6.83
2017/10/27,6.02,6.43,6.83
2017/10/28,6.02,6.43,6.83
2017/10/29,6.02,6.43,6.83
2017/10/30,6.02,6.43,6.83
2017/10/31,6.02,6.43,6.83
2017/11/01,6.02,6.43,6.83
2017/11/02,6.02,6.43,6.83
2017/11/03,6.13,6.55,6.96
2017/11/04,6.13,6.55,6.96
2017/11/05,6.13,6.55,6.96
2017/11/06,6.13,6.55,6.96
2017/11/07,6.13,6.55,6.96
2017/11/08,6.13,6.55,6.96
2017/11/09,6.13,6.55,6.96
2017/11/10,6.13,6.55,6.96
2017/11/11,6.13,6.55,6.96
2017/11/12,6.13,6.55,6.96
2017/11/13,6.13,6.55,6.96
2017/11/14,6.13,6.55,6.96
2017/11/15,6.13,6.55,6.96
2017/11/16,6.13,6.55,6.96
2017/11/17,6.33,6.76,7.19
2017/11/18,6.33,6.76,7.19
2017/11/19,6.33,6.76,7.19
2017/11/20,6.33,6.76,7.19
2017/11/21,6.33,6.76,7.19
2017/11/22,6.33,6.76,7.19
2017/11/23,6.33,6.76,7.19
2017/11/24,6.33,6.76,7.19
2017/11/25,6.33,6.76,7.19
2017/11/26,6.33,6.76,7.19
2017/11/27,6.33,6.76,7.19
2017/11/28,6.33,6.76,7.19
2017/11/29,6.33,6.76,7.19
2017/11/30,6.33,6.76,7.19
2017/12/01,6.33,6.76,7.19
2017/12/02,6.33,6.76,7.19
2017/12/03,6.33,6.76,7.19
2017/12/04,6.33,6.76,7.19
2017/12/05,6.33,6.76,7.19
2017/12/06,6.33,6.76,7.19
2017/12/07,6.33,6.76,7.19
2017/12/08,6.33,6.76,7.19
2017/12/09,6.33,6.76,7.19
2017/12/10,6.33,6.76,7.19
2017/12/11,6.33,6.76,7.19
2017/12/12,6.33,6.76,7.19
2017/12/13,6.33,6.76,7.19
2017/12/14,6.33,6.76,7.19
2017/12/15,6.33,6.76,7.19
2017/12/16,6.33,6.76,7.19
2017/12/17,6.33,6.76,7.19
2017/12/18,6.33,6.76,7.19
2017/12/19,6.33,6.76,7.19
2017/12/20,6.33,6.76,7.19
2017/12/21,6.33,6.76,7.19
2017/12/22,6.33,6.76,7.19
2017/12/23,6.33,6.76,7.19
2017/12/24,6.33,6.76,7.19
2017/12/25,6.33,6.76,7.19
2017/12/26,6.33,6.76,7.19
2017/12/27,6.33,6.76,7.19
2017/12/28,6.33,6.76,7.19
2017/12/29,6.38,6.81,7.25
2017/12/30,6.38,6.81,7.25
2017/12/31,6.38,6.81,7.25
2018/01/01,6.38,6.81,7.25
2018/01/02,6.38,6.81,7.25
2018/01/03,6.38,6.81,7.25
2018/01/04,6.38,6.81,7.25
2018/01/05,6.38,6.81,7.25
2018/01/06,6.38,6.81,7.25
2018/01/07,6.38,6.81,7.25
2018/01/08,6.38,6.81,7.25
2018/01/09,6.38,6.81,7.25
2018/01/10,6.38,6.81,7.25
2018/01/11,6.38,6.81,7.25
2018/01/12,6.38,6.81,7.25
2018/01/13,6.52,6.96,7.4
2018/01/14,6.52,6.96,7.4
2018/01/15,6.52,6.96,7.4
2018/01/16,6.52,6.96,7.4
2018/01/17,6.52,6.96,7.4
2018/01/18,6.52,6.96,7.4
2018/01/19,6.52,6.96,7.4
2018/01/20,6.52,6.96,7.4
2018/01/21,6.52,6.96,7.4
2018/01/22,6.52,6.96,7.4
2018/01/23,6.52,6.96,7.4
2018/01/24,6.52,6.96,7.4
2018/01/25,6.52,6.96,7.4
2018/01/26,6.52,6.96,7.4
2018/01/27,6.57,7.01,7.45
2018/01/28,6.57,7.01,7.45
2018/01/29,6.57,7.01,7.45
2018/01/30,6.57,7.01,7.45
2018/01/31,6.57,7.01,7.45
2018/02/01,6.57,7.01,7.45
2018/02/02,6.57,7.01,7.45
2018/02/03,6.57,7.01,7.45
2018/02/04,6.57,7.01,7.45
2018/02/05,6.57,7.01,7.45
2018/02/06,6.57,7.01,7.45
2018/02/07,6.57,7.01,7.45
2018/02/08,6.57,7.01,7.45
2018/02/09,6.57,7.01,7.45
2018/02/10,6.44,6.87,7.31
2018/02/11,6.44,6.87,7.31
2018/02/12,6.44,6.87,7.31
2018/02/13,6.44,6.87,7.31
2018/02/14,6.44,6.87,7.31
2018/02/15,6.44,6.87,7.31
2018/02/16,6.44,6.87,7.31
2018/02/17,6.44,6.87,7.31
2018/02/18,6.44,6.87,7.31
2018/02/19,6.44,6.87,7.31
2018/02/20,6.44,6.87,7.31
2018/02/21,6.44,6.87,7.31
2018/02/22,6.44,6.87,7.31
2018/02/23,6.44,6.87,7.31
2018/02/24,6.44,6.87,7.31
2018/02/25,6.44,6.87,7.31
2018/02/26,6.44,6.87,7.31
2018/02/27,6.44,6.87,7.31
2018/02/28,6.44,6.87,7.31
2018/03/01,6.3,6.72,7.15
2018/03/02,6.3,6.72,7.15
2018/03/03,6.3,6.72,7.15
2018/03/04,6.3,6.72,7.15
2018/03/05,6.3,6.72,7.15
2018/03/06,6.3,6.72,7.15
2018/03/07,6.3,6.72,7.15
2018/03/08,6.3,6.72,7.15
2018/03/09,6.3,6.72,7.15
2018/03/10,6.3,6.72,7.15
2018/03/11,6.3,6.72,7.15
2018/03/12,6.3,6.72,7.15
2018/03/13,6.3,6.72,7.15
2018/03/14,6.3,6.72,7.15
2018/03/15,6.3,6.72,7.15
2018/03/16,6.3,6.72,7.15
2018/03/17,6.3,6.72,7.15
2018/03/18,6.3,6.72,7.15
2018/03/19,6.3,6.72,7.15
2018/03/20,6.3,6.72,7.15
2018/03/21,6.3,6.72,7.15
2018/03/22,6.3,6.72,7.15
2018/03/23,6.3,6.72,7.15
2018/03/24,6.3,6.72,7.15
2018/03/25,6.3,6.72,7.15
2018/03/26,6.3,6.72,7.15
2018/03/27,6.3,6.72,7.15
2018/03/28,6.3,6.72,7.15
2018/03/29,6.43,6.86,7.29
2018/03/30,6.43,6.86,7.29
2018/03/31,6.43,6.86,7.29
2018/04/01,6.43,6.86,7.29
2018/04/02,6.43,6.86,7.29
2018/04/03,6.43,6.86,7.29
2018/04/04,6.43,6.86,7.29
2018/04/05,6.43,6.86,7.29
2018/04/06,6.43,6.86,7.29
2018/04/07,6.43,6.86,7.29
2018/04/08,6.43,6.86,7.29
2018/04/09,6.43,6.86,7.29
2018/04/10,6.43,6.86,7.29
2018/04/11,6.43,6.86,7.29
2018/04/12,6.43,6.86,7.29
2018/04/13,6.47,6.9,7.34
2018/04/14,6.47,6.9,7.34
2018/04/15,6.47,6.9,7.34
2018/04/16,6.47,6.9,7.34
2018/04/17,6.47,6.9,7.34
2018/04/18,6.47,6.9,7.34
2018/04/19,6.47,6.9,7.34
2018/04/20,6.47,6.9,7.34
2018/04/21,6.47,6.9,7.34
2018/04/22,6.47,6.9,7.34
2018/04/23,6.47,6.9,7.34
2018/04/24,6.47,6.9,7.34
2018/04/25,6.47,6.9,7.34
2018/04/26,6.47,6.9,7.34
2018/04/27,6.66,7.1,7.56
2018/04/28,6.66,7.1,7.56
2018/04/29,6.66,7.1,7.56
2018/04/30,6.66,7.1,7.56
2018/05/01,6.66,7.1,7.56
2018/05/02,6.66,7.1,7.56
2018/05/03,6.66,7.1,7.56
2018/05/04,6.66,7.1,7.56
2018/05/05,6.66,7.1,7.56
2018/05/06,6.66,7.1,7.56
2018/05/07,6.66,7.1,7.56
2018/05/08,6.66,7.1,7.56
2018/05/09,6.66,7.1,7.56
2018/05/10,6.66,7.1,7.56
2018/05/11,6.66,7.1,7.56
2018/05/12,6.73,7.18,7.64
2018/05/13,6.73,7.18,7.64
2018/05/14,6.73,7.18,7.64
2018/05/15,6.73,7.18,7.64
2018/05/16,6.73,7.18,7.64
2018/05/17,6.73,7.18,7.64
2018/05/18,6.73,7.18,7.64
2018/05/19,6.73,7.18,7.64
2018/05/20,6.73,7.18,7.64
2018/05/21,6.73,7.18,7.64
2018/05/22,6.73,7.18,7.64
2018/05/23,6.73,7.18,7.64
2018/05/24,6.73,7.18,7.64
2018/05/25,6.73,7.18,7.64
2018/05/26,6.92,7.39,7.86
2018/05/27,6.92,7.39,7.86
2018/05/28,6.92,7.39,7.86
2018/05/29,6.92,7.39,7.86
2018/05/30,6.92,7.39,7.86
2018/05/31,6.92,7.39,7.86
2018/06/01,6.92,7.39,7.86
2018/06/02,6.92,7.39,7.86
2018/06/03,6.92,7.39,7.86
2018/06/04,6.92,7.39,7.86
2018/06/05,6.92,7.39,7.86
2018/06/06,6.92,7.39,7.86
2018/06/07,6.92,7.39,7.86
2018/06/08,6.92,7.39,7.86
2018/06/09,6.83,7.28,7.75
2018/06/10,6.83,7.28,7.75
2018/06/11,6.83,7.28,7.75
2018/06/12,6.83,7.28,7.75
2018/06/13,6.83,7.28,7.75
2018/06/14,6.83,7.28,7.75
2018/06/15,6.83,7.28,7.75
2018/06/16,6.83,7.28,7.75
2018/06/17,6.83,7.28,7.75
2018/06/18,6.83,7.28,7.75
2018/06/19,6.83,7.28,7.75
2018/06/20,6.83,7.28,7.75
2018/06/21,6.83,7.28,7.75
2018/06/22,6.83,7.28,7.75
2018/06/23,6.83,7.28,7.75
2018/06/24,6.83,7.28,7.75
2018/06/25,6.83,7.28,7.75
2018/06/26,6.78,7.24,7.7
2018/06/27,6.78,7.24,7.7
2018/06/28,6.78,7.24,7.7
2018/06/29,6.78,7.24,7.7
2018/06/30,6.78,7.24,7.7
2018/07/01,6.78,7.24,7.7
2018/07/02,6.78,7.24,7.7
2018/07/03,6.78,7.24,7.7
2018/07/04,6.78,7.24,7.7
2018/07/05,6.78,7.24,7.7
2018/07/06,6.78,7.24,7.7
2018/07/07,6.78,7.24,7.7
2018/07/08,6.78,7.24,7.7
2018/07/09,6.78,7.24,7.7
2018/07/10,6.99,7.46,7.93
2018/07/11,6.99,7.46,7.93
2018/07/12,6.99,7.46,7.93
2018/07/13,6.99,7.46,7.93
2018/07/14,6.99,7.46,7.93
2018/07/15,6.99,7.46,7.93
2018/07/16,6.99,7.46,7.93
2018/07/17,6.99,7.46,7.93
2018/07/18,6.99,7.46,7.93
2018/07/19,6.99,7.46,7.93
2018/07/20,6.99,7.46,7.93
2018/07/21,6.99,7.46,7.93
2018/07/22,6.99,7.46,7.93
2018/07/23,6.99,7.46,7.93
2018/07/24,6.89,7.36,7.82
2018/07/25,6.89,7.36,7.82
2018/07/26,6.89,7.36,7.82
2018/07/27,6.89,7.36,7.82
2018/07/28,6.89,7.36,7.82
2018/07/29,6.89,7.36,7.82
2018/07/30,6.89,7.36,7.82
2018/07/31,6.89,7.36,7.82
2018/08/01,6.89,7.36,7.82
2018/08/02,6.89,7.36,7.82
2018/08/03,6.89,7.36,7.82
2018/08/04,6.89,7.36,7.82
2018/08/05,6.89,7.36,7.82
2018/08/06,6.89,7.36,7.82
2018/08/07,6.89,7.36,7.82
2018/08/08,6.89,7.36,7.82
2018/08/09,6.89,7.36,7.82
2018/08/10,6.89,7.36,7.82
2018/08/11,6.89,7.36,7.82
2018/08/12,6.89,7.36,7.82
2018/08/13,6.89,7.36,7.82
2018/08/14,6.89,7.36,7.82
2018/08/15,6.89,7.36,7.82
2018/08/16,6.89,7.36,7.82
2018/08/17,6.89,7.36,7.82
2018/08/18,6.89,7.36,7.82
2018/08/19,6.89,7.36,7.82
2018/08/20,6.89,7.36,7.82
2018/08/21,6.91,7.37,7.84
2018/08/22,6.91,7.37,7.84
2018/08/23,6.91,7.37,7.84
2018/08/24,6.91,7.37,7.84
2018/08/25,6.91,7.37,7.84
2018/08/26,6.91,7.37,7.84
2018/08/27,6.91,7.37,7.84
2018/08/28,6.91,7.37,7.84
2018/08/29,6.91,7.37,7.84
2018/08/30,6.91,7.37,7.84
2018/08/31,6.91,7.37,7.84
2018/09/01,6.91,7.37,7.84
2018/09/02,6.91,7.37,7.84
2018/09/03,6.91,7.37,7.84
2018/09/04,7.04,7.51,7.99
2018/09/05,7.04,7.51,7.99
2018/09/06,7.04,7.51,7.99
2018/09/07,7.04,7.51,7.99
2018/09/08,7.04,7.51,7.99
2018/09/09,7.04,7.51,7.99
2018/09/10,7.04,7.51,7.99
2018/09/11,7.04,7.51,7.99
2018/09/12,7.04,7.51,7.99
2018/09/13,7.04,7.51,7.99
2018/09/14,7.04,7.51,7.99
2018/09/15,7.04,7.51,7.99
2018/09/16,7.04,7.51,7.99
2018/09/17,7.04,7.51,7.99
2018/09/18,7.15,7.63,8.12
2018/09/19,7.15,7.63,8.12
2018/09/20,7.15,7.63,8.12
2018/09/21,7.15,7.63,8.12
2018/09/22,7.15,7.63,8.12
2018/09/23,7.15,7.63,8.12
2018/09/24,7.15,7.63,8.12
2018/09/25,7.15,7.63,8.12
2018/09/26,7.15,7.63,8.12
2018/09/27,7.15,7.63,8.12
2018/09/28,7.15,7.63,8.12
2018/09/29,7.15,7.63,8.12
2018/09/30,7.15,7.63,8.12
2018/10/01,7.33,7.82,8.32
2018/10/02,7.33,7.82,8.32
2018/10/03,7.33,7.82,8.32
2018/10/04,7.33,7.82,8.32
2018/10/05,7.33,7.82,8.32
2018/10/06,7.33,7.82,8.32
2018/10/07,7.33,7.82,8.32
2018/10/08,7.33,7.82,8.32
2018/10/09,7.33,7.82,8.32
2018/10/10,7.33,7.82,8.32
2018/10/11,7.33,7.82,8.32
2018/10/12,7.33,7.82,8.32
2018/10/13,7.33,7.82,8.32
2018/10/14,7.33,7.82,8.32
2018/10/15,7.33,7.82,8.32
2018/10/16,7.33,7.82,8.32
2018/10/17,7.33,7.82,8.32
2018/10/18,7.33,7.82,8.32
2018/10/19,7.33,7.82,8.32
2018/10/20,7.45,7.95,8.46
2018/10/21,7.45,7.95,8.46
2018/10/22,7.45,7.95,8.46
2018/10/23,7.45,7.95,8.46
2018/10/24,7.45,7.95,8.46
2018/10/25,7.45,7.95,8.46
2018/10/26,7.45,7.95,8.46
2018/10/27,7.45,7.95,8.46
2018/10/28,7.45,7.95,8.46
2018/10/29,7.45,7.95,8.46
2018/10/30,7.45,7.95,8.46
2018/10/31,7.45,7.95,8.46
2018/11/01,7.45,7.95,8.46
2018/11/02,7.45,7.95,8.46
2018/11/03,7.17,7.65,8.14
2018/11/04,7.17,7.65,8.14
2018/11/05,7.17,7.65,8.14
2018/11/06,7.17,7.65,8.14
2018/11/07,7.17,7.65,8.14
2018/11/08,7.17,7.65,8.14
2018/11/09,7.17,7.65,8.14
2018/11/10,7.17,7.65,8.14
2018/11/11,7.17,7.65,8.14
2018/11/12,7.17,7.65,8.14
2018/11/13,7.17,7.65,8.14
2018/11/14,7.17,7.65,8.14
2018/11/15,7.17,7.65,8.14
2018/11/16,7.17,7.65,8.14
2018/11/17,6.79,7.25,7.71
2018/11/18,6.79,7.25,7.71
2018/11/19,6.79,7.25,7.71
2018/11/20,6.79,7.25,7.71
2018/11/21,6.79,7.25,7.71
2018/11/22,6.79,7.25,7.71
2018/11/23,6.79,7.25,7.71
2018/11/24,6.79,7.25,7.71
2018/11/25,6.79,7.25,7.71
2018/11/26,6.79,7.25,7.71
2018/11/27,6.79,7.25,7.71
2018/11/28,6.79,7.25,7.71
2018/11/29,6.79,7.25,7.71
2018/11/30,6.79,7.25,7.71
2018/12/01,6.39,6.82,7.25
2018/12/02,6.39,6.82,7.25
2018/12/03,6.39,6.82,7.25
2018/12/04,6.39,6.82,7.25
2018/12/05,6.39,6.82,7.25
2018/12/06,6.39,6.82,7.25
2018/12/07,6.39,6.82,7.25
2018/12/08,6.39,6.82,7.25
2018/12/09,6.39,6.82,7.25
2018/12/10,6.39,6.82,7.25
2018/12/11,6.39,6.82,7.25
2018/12/12,6.39,6.82,7.25
2018/12/13,6.39,6.82,7.25
2018/12/14,6.39,6.82,7.25
2018/12/15,6.29,6.72,7.14
2018/12/16,6.29,6.72,7.14
2018/12/17,6.29,6.72,7.14
2018/12/18,6.29,6.72,7.14
2018/12/19,6.29,6.72,7.14
2018/12/20,6.29,6.72,7.14
2018/12/21,6.29,6.72,7.14
2018/12/22,6.29,6.72,7.14
2018/12/23,6.29,6.72,7.14
2018/12/24,6.29,6.72,7.14
2018/12/25,6.29,6.72,7.14
2018/12/26,6.29,6.72,7.14
2018/12/27,6.29,6.72,7.14
2018/12/28,6.29,6.72,7.14
2018/12/29,6.02,6.42,6.83
2018/12/30,6.02,6.42,6.83
2018/12/31,6.02,6.42,6.83
2019/01/01,6.02,6.42,6.83
2019/01/02,6.02,6.42,6.83
2019/01/03,6.02,6.42,6.83
2019/01/04,6.02,6.42,6.83
2019/01/05,6.02,6.42,6.83
2019/01/06,6.02,6.42,6.83
2019/01/07,6.02,6.42,6.83
2019/01/08,6.02,6.42,6.83
2019/01/09,6.02,6.42,6.83
2019/01/10,6.02,6.42,6.83
2019/01/11,6.02,6.42,6.83
2019/01/12,6.02,6.42,6.83
2019/01/13,6.02,6.42,6.83
2019/01/14,6.02,6.42,6.83
2019/01/15,6.1,6.51,6.92
2019/01/16,6.1,6.51,6.92
2019/01/17,6.1,6.51,6.92
2019/01/18,6.1,6.51,6.92
2019/01/19,6.1,6.51,6.92
2019/01/20,6.1,6.51,6.92
2019/01/21,6.1,6.51,6.92
2019/01/22,6.1,6.51,6.92
2019/01/23,6.1,6.51,6.92
2019/01/24,6.1,6.51,6.92
2019/01/25,6.1,6.51,6.92
2019/01/26,6.1,6.51,6.92
2019/01/27,6.1,6.51,6.92
2019/01/28,6.1,6.51,6.92
2019/01/29,6.28,6.7,7.13
2019/01/30,6.28,6.7,7.13
2019/01/31,6.28,6.7,7.13
2019/02/01,6.28,6.7,7.13
2019/02/02,6.28,6.7,7.13
2019/02/03,6.28,6.7,7.13
2019/02/04,6.28,6.7,7.13
2019/02/05,6.28,6.7,7.13
2019/02/06,6.28,6.7,7.13
2019/02/07,6.28,6.7,7.13
2019/02/08,6.28,6.7,7.13
2019/02/09,6.28,6.7,7.13
2019/02/10,6.28,6.7,7.13
2019/02/11,6.28,6.7,7.13
2019/02/12,6.28,6.7,7.13
2019/02/13,6.28,6.7,7.13
2019/02/14,6.28,6.7,7.13
2019/02/15,6.32,6.74,7.17
2019/02/16,6.32,6.74,7.17
2019/02/17,6.32,6.74,7.17
2019/02/18,6.32,6.74,7.17
2019/02/19,6.32,6.74,7.17
2019/02/20,6.32,6.74,7.17
2019/02/21,6.32,6.74,7.17
2019/02/22,6.32,6.74,7.17
2019/02/23,6.32,6.74,7.17
2019/02/24,6.32,6.74,7.17
2019/02/25,6.32,6.74,7.17
2019/02/26,6.32,6.74,7.17
2019/02/27,6.32,6.74,7.17
2019/02/28,6.32,6.74,7.17
2019/03/01,6.52,6.96,7.4
2019/03/02,6.52,6.96,7.4
2019/03/03,6.52,6.96,7.4
2019/03/04,6.52,6.96,7.4
2019/03/05,6.52,6.96,7.4
2019/03/06,6.52,6.96,7.4
2019/03/07,6.52,6.96,7.4
2019/03/08,6.52,6.96,7.4
2019/03/09,6.52,6.96,7.4
2019/03/10,6.52,6.96,7.4
2019/03/11,6.52,6.96,7.4
2019/03/12,6.52,6.96,7.4
2019/03/13,6.52,6.96,7.4
2019/03/14,6.52,6.96,7.4
2019/03/15,6.52,6.96,7.4
2019/03/16,6.52,6.96,7.4
2019/03/17,6.52,6.96,7.4
2019/03/18,6.52,6.96,7.4
2019/03/19,6.52,6.96,7.4
2019/03/20,6.52,6.96,7.4
2019/03/21,6.52,6.96,7.4
2019/03/22,6.52,6.96,7.4
2019/03/23,6.52,6.96,7.4
2019/03/24,6.52,6.96,7.4
2019/03/25,6.52,6.96,7.4
2019/03/26,6.52,6.96,7.4
2019/03/27,6.52,6.96,7.4
2019/03/28,6.52,6.96,7.4
2019/03/29,6.58,7.02,7.47
2019/03/30,6.58,7.02,7.47
2019/03/31,6.58,7.02,7.47
2019/04/01,6.58,7.02,7.47
2019/04/02,6.58,7.02,7.47
2019/04/03,6.58,7.02,7.47
2019/04/04,6.58,7.02,7.47
2019/04/05,6.58,7.02,7.47
2019/04/06,6.58,7.02,7.47
2019/04/07,6.58,7.02,7.47
2019/04/08,6.58,7.02,7.47
2019/04/09,6.58,7.02,7.47
2019/04/10,6.58,7.02,7.47
2019/04/11,6.58,7.02,7.47
2019/04/12,6.58,7.02,7.47
2019/04/13,6.53,6.96,7.41
2019/04/14,6.53,6.96,7.41
2019/04/15,6.53,6.96,7.41
2019/04/16,6.53,6.96,7.41
2019/04/17,6.53,6.96,7.41
2019/04/18,6.53,6.96,7.41
2019/04/19,6.53,6.96,7.41
2019/04/20,6.53,6.96,7.41
2019/04/21,6.53,6.96,7.41
2019/04/22,6.53,6.96,7.41
2019/04/23,6.53,6.96,7.41
2019/04/24,6.53,6.96,7.41
2019/04/25,6.53,6.96,7.41
2019/04/26,6.53,6.96,7.41
2019/04/27,6.67,7.12,7.57
2019/04/28,6.67,7.12,7.57
2019/04/29,6.67,7.12,7.57
2019/04/30,6.67,7.12,7.57
2019/05/01,6.67,7.12,7.57
2019/05/02,6.67,7.12,7.57
2019/05/03,6.67,7.12,7.57
2019/05/04,6.67,7.12,7.57
2019/05/05,6.67,7.12,7.57
2019/05/06,6.67,7.12,7.57
2019/05/07,6.67,7.12,7.57
2019/05/08,6.67,7.12,7.57
2019/05/09,6.67,7.12,7.57
2019/05/10,6.67,7.12,7.57
2019/05/11,6.67,7.12,7.57
2019/05/12,6.67,7.12,7.57
2019/05/13,6.67,7.12,7.57
2019/05/14,6.62,7.06,7.51
2019/05/15,6.62,7.06,7.51
2019/05/16,6.62,7.06,7.51
2019/05/17,6.62,7.06,7.51
2019/05/18,6.62,7.06,7.51
2019/05/19,6.62,7.06,7.51
2019/05/20,6.62,7.06,7.51
2019/05/21,6.62,7.06,7.51
2019/05/22,6.62,7.06,7.51
2019/05/23,6.62,7.06,7.51
2019/05/24,6.62,7.06,7.51
2019/05/25,6.62,7.06,7.51
2019/05/26,6.62,7.06,7.51
2019/05/27,6.62,7.06,7.51
2019/05/28,6.65,7.1,7.55
2019/05/29,6.65,7.1,7.55
2019/05/30,6.65,7.1,7.55
2019/05/31,6.65,7.1,7.55
2019/06/01,6.65,7.1,7.55
2019/06/02,6.65,7.1,7.55
2019/06/03,6.65,7.1,7.55
2019/06/04,6.65,7.1,7.55
2019/06/05,6.65,7.1,7.55
2019/06/06,6.65,7.1,7.55
2019/06/07,6.65,7.1,7.55
2019/06/08,6.65,7.1,7.55
2019/06/09,6.65,7.1,7.55
2019/06/10,6.65,7.1,7.55
2019/06/11,6.65,7.1,7.55
2019/06/12,6.31,6.73,7.16
2019/06/13,6.31,6.73,7.16
2019/06/14,6.31,6.73,7.16
2019/06/15,6.31,6.73,7.16
2019/06/16,6.31,6.73,7.16
2019/06/17,6.31,6.73,7.16
2019/06/18,6.31,6.73,7.16
2019/06/19,6.31,6.73,7.16
2019/06/20,6.31,6.73,7.16
2019/06/21,6.31,6.73,7.16
2019/06/22,6.31,6.73,7.16
2019/06/23,6.31,6.73,7.16
2019/06/24,6.31,6.73,7.16
2019/06/25,6.31,6.73,7.16
2019/06/26,6.22,6.63,7.05
2019/06/27,6.22,6.63,7.05
2019/06/28,6.22,6.63,7.05
2019/06/29,6.22,6.63,7.05
2019/06/30,6.22,6.63,7.05
2019/07/01,6.22,6.63,7.05
2019/07/02,6.22,6.63,7.05
2019/07/03,6.22,6.63,7.05
2019/07/04,6.22,6.63,7.05
2019/07/05,6.22,6.63,7.05
2019/07/06,6.22,6.63,7.05
2019/07/07,6.22,6.63,7.05
2019/07/08,6.22,6.63,7.05
2019/07/09,6.22,6.63,7.05
2019/07/10,6.33,6.75,7.18
2019/07/11,6.33,6.75,7.18
2019/07/12,6.33,6.75,7.18
2019/07/13,6.33,6.75,7.18
2019/07/14,6.33,6.75,7.18
2019/07/15,6.33,6.75,7.18
2019/07/16,6.33,6.75,7.18
2019/07/17,6.33,6.75,7.18
2019/07/18,6.33,6.75,7.18
2019/07/19,6.33,6.75,7.18
2019/07/20,6.33,6.75,7.18
2019/07/21,6.33,6.75,7.18
2019/07/22,6.33,6.75,7.18
2019/07/23,6.33,6.75,7.18
2019/07/24,6.33,6.75,7.18
2019/07/25,6.33,6.75,7.18
2019/07/26,6.33,6.75,7.18
2019/07/27,6.33,6.75,7.18
2019/07/28,6.33,6.75,7.18
2019/07/29,6.33,6.75,7.18
2019/07/30,6.33,6.75,7.18
2019/07/31,6.33,6.75,7.18
2019/08/01,6.33,6.75,7.18
2019/08/02,6.33,6.75,7.18
2019/08/03,6.33,6.75,7.18
2019/08/04,6.33,6.75,7.18
2019/08/05,6.33,6.75,7.18
2019/08/06,6.33,6.75,7.18
2019/08/07,6.27,6.69,7.11
2019/08/08,6.27,6.69,7.11
2019/08/09,6.27,6.69,7.11
2019/08/10,6.27,6.69,7.11
2019/08/11,6.27,6.69,7.11
2019/08/12,6.27,6.69,7.11
2019/08/13,6.27,6.69,7.11
2019/08/14,6.27,6.69,7.11
2019/08/15,6.27,6.69,7.11
2019/08/16,6.27,6.69,7.11
2019/08/17,6.27,6.69,7.11
2019/08/18,6.27,6.69,7.11
2019/08/19,6.27,6.69,7.11
2019/08/20,6.27,6.69,7.11
2019/08/21,6.11,6.52,6.94
2019/08/22,6.11,6.52,6.94
2019/08/23,6.11,6.52,6.94
2019/08/24,6.11,6.52,6.94
2019/08/25,6.11,6.52,6.94
2019/08/26,6.11,6.52,6.94
2019/08/27,6.11,6.52,6.94
2019/08/28,6.11,6.52,6.94
2019/08/29,6.11,6.52,6.94
2019/08/30,6.11,6.52,6.94
2019/08/31,6.11,6.52,6.94
2019/09/01,6.11,6.52,6.94
2019/09/02,6.11,6.52,6.94
2019/09/03,6.11,6.52,6.94
2019/09/04,6.2,6.61,7.03
2019/09/05,6.2,6.61,7.03
2019/09/06,6.2,6.61,7.03
2019/09/07,6.2,6.61,7.03
2019/09/08,6.2,6.61,7.03
2019/09/09,6.2,6.61,7.03
2019/09/10,6.2,6.61,7.03
2019/09/11,6.2,6.61,7.03
2019/09/12,6.2,6.61,7.03
2019/09/13,6.2,6.61,7.03
2019/09/14,6.2,6.61,7.03
2019/09/15,6.2,6.61,7.03
2019/09/16,6.2,6.61,7.03
2019/09/17,6.2,6.61,7.03
2019/09/18,6.2,6.61,7.03
2019/09/19,6.29,6.71,7.14
2019/09/20,6.29,6.71,7.14
2019/09/21,6.29,6.71,7.14
2019/09/22,6.29,6.71,7.14
2019/09/23,6.29,6.71,7.14
2019/09/24,6.29,6.71,7.14
2019/09/25,6.29,6.71,7.14
2019/09/26,6.29,6.71,7.14
2019/09/27,6.29,6.71,7.14
2019/09/28,6.29,6.71,7.14
2019/09/29,6.29,6.71,7.14
2019/09/30,6.29,6.71,7.14
2019/10/01,6.29,6.71,7.14
2019/10/02,6.29,6.71,7.14
2019/10/03,6.29,6.71,7.14
2019/10/04,6.29,6.71,7.14
2019/10/05,6.29,6.71,7.14
2019/10/06,6.29,6.71,7.14
2019/10/07,6.29,6.71,7.14
2019/10/08,6.29,6.71,7.14
2019/10/09,6.29,6.71,7.14
2019/10/10,6.29,6.71,7.14
2019/10/11,6.29,6.71,7.14
2019/10/12,6.29,6.71,7.14
2019/10/13,6.29,6.71,7.14
2019/10/14,6.29,6.71,7.14
2019/10/15,6.29,6.71,7.14
2019/10/16,6.29,6.71,7.14
2019/10/17,6.29,6.71,7.14
2019/10/18,6.29,6.71,7.14
2019/10/19,6.29,6.71,7.14
2019/10/20,6.29,6.71,7.14
2019/10/21,6.29,6.71,7.14
2019/10/22,6.18,6.59,7.01
2019/10/23,6.18,6.59,7.01
2019/10/24,6.18,6.59,7.01
2019/10/25,6.18,6.59,7.01
2019/10/26,6.18,6.59,7.01
2019/10/27,6.18,6.59,7.01
2019/10/28,6.18,6.59,7.01
2019/10/29,6.18,6.59,7.01
2019/10/30,6.18,6.59,7.01
2019/10/31,6.18,6.59,7.01
2019/11/01,6.18,6.59,7.01
2019/11/02,6.18,6.59,7.01
2019/11/03,6.18,6.59,7.01
2019/11/04,6.18,6.59,7.01
2019/11/05,6.26,6.68,7.1
2019/11/06,6.26,6.68,7.1
2019/11/07,6.26,6.68,7.1
2019/11/08,6.26,6.68,7.1
2019/11/09,6.26,6.68,7.1
2019/11/10,6.26,6.68,7.1
2019/11/11,6.26,6.68,7.1
2019/11/12,6.26,6.68,7.1
2019/11/13,6.26,6.68,7.1
2019/11/14,6.26,6.68,7.1
2019/11/15,6.26,6.68,7.1
2019/11/16,6.26,6.68,7.1
2019/11/17,6.26,6.68,7.1
2019/11/18,6.26,6.68,7.1
2019/11/19,6.31,6.73,7.16
2019/11/20,6.31,6.73,7.16
2019/11/21,6.31,6.73,7.16
2019/11/22,6.31,6.73,7.16
2019/11/23,6.31,6.73,7.16
2019/11/24,6.31,6.73,7.16
2019/11/25,6.31,6.73,7.16
2019/11/26,6.31,6.73,7.16
2019/11/27,6.31,6.73,7.16
2019/11/28,6.31,6.73,7.16
2019/11/29,6.31,6.73,7.16
2019/11/30,6.31,6.73,7.16
2019/12/01,6.31,6.73,7.16
2019/12/02,6.31,6.73,7.16
2019/12/03,6.35,6.78,7.21
2019/12/04,6.35,6.78,7.21
2019/12/05,6.35,6.78,7.21
2019/12/06,6.35,6.78,7.21
2019/12/07,6.35,6.78,7.21
2019/12/08,6.35,6.78,7.21
2019/12/09,6.35,6.78,7.21
2019/12/10,6.35,6.78,7.21
2019/12/11,6.35,6.78,7.21
2019/12/12,6.35,6.78,7.21
2019/12/13,6.35,6.78,7.21
2019/12/14,6.35,6.78,7.21
2019/12/15,6.35,6.78,7.21
2019/12/16,6.35,6.78,7.21
2019/12/17,6.35,6.78,7.21
2019/12/18,6.35,6.78,7.21
2019/12/19,6.35,6.78,7.21
2019/12/20,6.35,6.78,7.21
2019/12/21,6.35,6.78,7.21
2019/12/22,6.35,6.78,7.21
2019/12/23,6.35,6.78,7.21
2019/12/24,6.35,6.78,7.21
2019/12/25,6.35,6.78,7.21
2019/12/26,6.35,6.78,7.21
2019/12/27,6.35,6.78,7.21
2019/12/28,6.35,6.78,7.21
2019/12/29,6.35,6.78,7.21
2019/12/30,6.35,6.78,7.21
2019/12/31,6.53,6.96,7.41
2020/01/01,6.53,6.96,7.41
2020/01/02,6.53,6.96,7.41
2020/01/03,6.53,6.96,7.41
2020/01/04,6.53,6.96,7.41
2020/01/05,6.53,6.96,7.41
2020/01/06,6.53,6.96,7.41
2020/01/07,6.53,6.96,7.41
2020/01/08,6.53,6.96,7.41
2020/01/09,6.53,6.96,7.41
2020/01/10,6.53,6.96,7.41
2020/01/11,6.53,6.96,7.41
2020/01/12,6.53,6.96,7.41
2020/01/13,6.53,6.96,7.41
2020/01/14,6.53,6.96,7.41
2020/01/15,6.53,6.96,7.41
2020/01/16,6.53,6.96,7.41
2020/01/17,6.53,6.96,7.41
2020/01/18,6.53,6.96,7.41
2020/01/19,6.53,6.96,7.41
2020/01/20,6.53,6.96,7.41
2020/01/21,6.53,6.96,7.41
2020/01/22,6.53,6.96,7.41
2020/01/23,6.53,6.96,7.41
2020/01/24,6.53,6.96,7.41
2020/01/25,6.53,6.96,7.41
2020/01/26,6.53,6.96,7.41
2020/01/27,6.53,6.96,7.41
2020/01/28,6.53,6.96,7.41
2020/01/29,6.53,6.96,7.41
2020/01/30,6.53,6.96,7.41
2020/01/31,6.53,6.96,7.41
2020/02/01,6.53,6.96,7.41
2020/02/02,6.53,6.96,7.41
2020/02/03,6.53,6.96,7.41
2020/02/04,6.53,6.96,7.41
2020/02/05,6.21,6.63,7.05
2020/02/06,6.21,6.63,7.05
2020/02/07,6.21,6.63,7.05
2020/02/08,6.21,6.63,7.05
2020/02/09,6.21,6.63,7.05
2020/02/10,6.21,6.63,7.05
2020/02/11,6.21,6.63,7.05
2020/02/12,6.21,6.63,7.05
2020/02/13,6.21,6.63,7.05
2020/02/14,6.21,6.63,7.05
2020/02/15,6.21,6.63,7.05
2020/02/16,6.21,6.63,7.05
2020/02/17,6.21,6.63,7.05
2020/02/18,6.21,6.63,7.05
2020/02/19,5.9,6.3,6.7
2020/02/20,5.9,6.3,6.7
2020/02/21,5.9,6.3,6.7
2020/02/22,5.9,6.3,6.7
2020/02/23,5.9,6.3,6.7
2020/02/24,5.9,6.3,6.7
2020/02/25,5.9,6.3,6.7
2020/02/26,5.9,6.3,6.7
2020/02/27,5.9,6.3,6.7
2020/02/28,5.9,6.3,6.7
2020/02/29,5.9,6.3,6.7
2020/03/01,5.9,6.3,6.7
2020/03/02,5.9,6.3,6.7
2020/03/03,5.9,6.3,6.7
2020/03/04,5.9,6.3,6.7
2020/03/05,5.9,6.3,6.7
2020/03/06,5.9,6.3,6.7
2020/03/07,5.9,6.3,6.7
2020/03/08,5.9,6.3,6.7
2020/03/09,5.9,6.3,6.7
2020/03/10,5.9,6.3,6.7
2020/03/11,5.9,6.3,6.7
2020/03/12,5.9,6.3,6.7
2020/03/13,5.9,6.3,6.7
2020/03/14,5.9,6.3,6.7
2020/03/15,5.9,6.3,6.7
2020/03/16,5.9,6.3,6.7
2020/03/17,5.9,6.3,6.7
2020/03/18,5.14,5.49,5.84
2020/03/19,5.14,5.49,5.84
2020/03/20,5.14,5.49,5.84
2020/03/21,5.14,5.49,5.84
2020/03/22,5.14,5.49,5.84
2020/03/23,5.14,5.49,5.84
2020/03/24,5.14,5.49,5.84
2020/03/25,5.14,5.49,5.84
2020/03/26,5.14,5.49,5.84
2020/03/27,5.14,5.49,5.84
2020/03/28,5.14,5.49,5.84
2020/03/29,5.14,5.49,5.84
2020/03/30,5.14,5.49,5.84
2020/03/31,5.14,5.49,5.84
2020/04/01,5.14,5.49,5.84
2020/04/02,5.14,5.49,5.84
2020/04/03,5.14,5.49,5.84
2020/04/04,5.14,5.49,5.84
2020/04/05,5.14,5.49,5.84
2020/04/06,5.14,5.49,5.84
2020/04/07,5.14,5.49,5.84
2020/04/08,5.14,5.49,5.84
2020/04/09,5.14,5.49,5.84
2020/04/10,5.14,5.49,5.84
2020/04/11,5.14,5.49,5.84
2020/04/12,5.14,5.49,5.84
2020/04/13,5.14,5.49,5.84
2020/04/14,5.14,5.49,5.84
2020/04/15,5.14,5.49,5.84
2020/04/16,5.14,5.49,5.84
2020/04/17,5.14,5.49,5.84
2020/04/18,5.14,5.49,5.84
2020/04/19,5.14,5.49,5.84
2020/04/20,5.14,5.49,5.84
2020/04/21,5.14,5.49,5.84
2020/04/22,5.14,5.49,5.84
2020/04/23,5.14,5.49,5.84
2020/04/24,5.14,5.49,5.84
2020/04/25,5.14,5.49,5.84
2020/04/26,5.14,5.49,5.84
2020/04/27,5.14,5.49,5.84
2020/04/28,5.14,5.49,5.84
2020/04/29,5.14,5.49,5.84
2020/04/30,5.14,5.49,5.84
2020/05/01,5.14,5.49,5.84
2020/05/02,5.14,5.49,5.84
2020/05/03,5.14,5.49,5.84
2020/05/04,5.14,5.49,5.84
2020/05/05,5.14,5.49,5.84
2020/05/06,5.14,5.49,5.84
2020/05/07,5.14,5.49,5.84
2020/05/08,5.14,5.49,5.84
2020/05/09,5.14,5.49,5.84
2020/05/10,5.14,5.49,5.84
2020/05/11,5.14,5.49,5.84
2020/05/12,5.14,5.49,5.84
2020/05/13,5.14,5.49,5.84
2020/05/14,5.14,5.49,5.84
2020/05/15,5.14,5.49,5.84
2020/05/16,5.14,5.49,5.84
2020/05/17,5.14,5.49,5.84
2020/05/18,5.14,5.49,5.84
2020/05/19,5.14,5.49,5.84
2020/05/20,5.14,5.49,5.84
2020/05/21,5.14,5.49,5.84
2020/05/22,5.14,5.49,5.84
2020/05/23,5.14,5.49,5.84
2020/05/24,5.14,5.49,5.84
2020/05/25,5.14,5.49,5.84
2020/05/26,5.14,5.49,5.84
2020/05/27,5.14,5.49,5.84
2020/05/28,5.14,5.49,5.84
2020/05/29,5.14,5.49,5.84
2020/05/30,5.14,5.49,5.84
2020/05/31,5.14,5.49,5.84
2020/06/01,5.14,5.49,5.84
2020/06/02,5.14,5.49,5.84
2020/06/03,5.14,5.49,5.84
2020/06/04,5.14,5.49,5.84
2020/06/05,5.14,5.49,5.84
2020/06/06,5.14,5.49,5.84
2020/06/07,5.14,5.49,5.84
2020/06/08,5.14,5.49,5.84
2020/06/09,5.14,5.49,5.84
2020/06/10,5.14,5.49,5.84
2020/06/11,5.14,5.49,5.84
2020/06/12,5.14,5.49,5.84
2020/06/13,5.14,5.49,5.84
2020/06/14,5.14,5.49,5.84
2020/06/15,5.14,5.49,5.84
2020/06/16,5.14,5.49,5.84
2020/06/17,5.14,5.49,5.84
2020/06/18,5.14,5.49,5.84
2020/06/19,5.14,5.49,5.84
2020/06/20,5.14,5.49,5.84
2020/06/21,5.14,5.49,5.84
2020/06/22,5.14,5.49,5.84
2020/06/23,5.14,5.49,5.84
2020/06/24,5.14,5.49,5.84
2020/06/25,5.14,5.49,5.84
2020/06/26,5.14,5.49,5.84
2020/06/27,5.14,5.49,5.84
2020/06/28,5.14,5.49,5.84
2020/06/29,5.23,5.58,5.94
2020/06/30,5.23,5.58,5.94
2020/07/01,5.23,5.58,5.94
2020/07/02,5.23,5.58,5.94
2020/07/03,5.23,5.58,5.94
2020/07/04,5.23,5.58,5.94
2020/07/05,5.23,5.58,5.94
2020/07/06,5.23,5.58,5.94
2020/07/07,5.23,5.58,5.94
2020/07/08,5.23,5.58,5.94
2020/07/09,5.23,5.58,5.94
2020/07/10,5.23,5.58,5.94
2020/07/11,5.31,5.66,6.02
2020/07/12,5.31,5.66,6.02
2020/07/13,5.31,5.66,6.02
2020/07/14,5.31,5.66,6.02
2020/07/15,5.31,5.66,6.02
2020/07/16,5.31,5.66,6.02
2020/07/17,5.31,5.66,6.02
2020/07/18,5.31,5.66,6.02
2020/07/19,5.31,5.66,6.02
2020/07/20,5.31,5.66,6.02
2020/07/21,5.31,5.66,6.02
2020/07/22,5.31,5.66,6.02
2020/07/23,5.31,5.66,6.02
2020/07/24,5.31,5.66,6.02
2020/07/25,5.31,5.66,6.02
2020/07/26,5.31,5.66,6.02
2020/07/27,5.31,5.66,6.02
2020/07/28,5.31,5.66,6.02
2020/07/29,5.31,5.66,6.02
2020/07/30,5.31,5.66,6.02
2020/07/31,5.31,5.66,6.02
2020/08/01,5.31,5.66,6.02
2020/08/02,5.31,5.66,6.02
2020/08/03,5.31,5.66,6.02
2020/08/04,5.31,5.66,6.02
2020/08/05,5.31,5.66,6.02
2020/08/06,5.31,5.66,6.02
2020/08/07,5.31,5.66,6.02
2020/08/08,5.31,5.66,6.02
2020/08/09,5.31,5.66,6.02
2020/08/10,5.31,5.66,6.02
2020/08/11,5.31,5.66,6.02
2020/08/12,5.31,5.66,6.02
2020/08/13,5.31,5.66,6.02
2020/08/14,5.31,5.66,6.02
2020/08/15,5.31,5.66,6.02
2020/08/16,5.31,5.66,6.02
2020/08/17,5.31,5.66,6.02
2020/08/18,5.31,5.66,6.02
2020/08/19,5.31,5.66,6.02
2020/08/20,5.31,5.66,6.02
2020/08/21,5.31,5.66,6.02
2020/08/22,5.37,5.73,6.1
2020/08/23,5.37,5.73,6.1
2020/08/24,5.37,5.73,6.1
2020/08/25,5.37,5.73,6.1
2020/08/26,5.37,5.73,6.1
2020/08/27,5.37,5.73,6.1
2020/08/28,5.37,5.73,6.1
2020/08/29,5.37,5.73,6.1
2020/08/30,5.37,5.73,6.1
2020/08/31,5.37,5.73,6.1
2020/09/01,5.37,5.73,6.1
2020/09/02,5.37,5.73,6.1
2020/09/03,5.37,5.73,6.1
2020/09/04,5.37,5.73,6.1
2020/09/05,5.37,5.73,6.1
2020/09/06,5.37,5.73,6.1
2020/09/07,5.37,5.73,6.1
2020/09/08,5.37,5.73,6.1
2020/09/09,5.37,5.73,6.1
2020/09/10,5.37,5.73,6.1
2020/09/11,5.37,5.73,6.1
2020/09/12,5.37,5.73,6.1
2020/09/13,5.37,5.73,6.1
2020/09/14,5.37,5.73,6.1
2020/09/15,5.37,5.73,6.1
2020/09/16,5.37,5.73,6.1
2020/09/17,5.37,5.73,6.1
2020/09/18,5.37,5.73,6.1
2020/09/19,5.14,5.48,5.83
2020/09/20,5.14,5.48,5.83
2020/09/21,5.14,5.48,5.83
2020/09/22,5.14,5.48,5.83
2020/09/23,5.14,5.48,5.83
2020/09/24,5.14,5.48,5.83
2020/09/25,5.14,5.48,5.83
2020/09/26,5.14,5.48,5.83
2020/09/27,5.14,5.48,5.83
2020/09/28,5.14,5.48,5.83
2020/09/29,5.14,5.48,5.83
2020/09/30,5.14,5.48,5.83
2020/10/01,5.14,5.48,5.83
2020/10/02,5.14,5.48,5.83
2020/10/03,5.14,5.48,5.83
2020/10/04,5.14,5.48,5.83
2020/10/05,5.14,5.48,5.83
2020/10/06,5.14,5.48,5.83
2020/10/07,5.14,5.48,5.83
2020/10/08,5.14,5.48,5.83
2020/10/09,5.14,5.48,5.83
2020/10/10,5.14,5.48,5.83
2020/10/11,5.14,5.48,5.83
2020/10/12,5.14,5.48,5.83
2020/10/13,5.14,5.48,5.83
2020/10/14,5.14,5.48,5.83
2020/10/15,5.14,5.48,5.83
2020/10/16,5.14,5.48,5.83
2020/10/17,5.14,5.48,5.83
2020/10/18,5.14,5.48,5.83
2020/10/19,5.14,5.48,5.83
2020/10/20,5.14,5.48,5.83
2020/10/21,5.14,5.48,5.83
2020/10/22,5.14,5.48,5.83
2020/10/23,5.19,5.54,5.9
2020/10/24,5.19,5.54,5.9
2020/10/25,5.19,5.54,5.9
2020/10/26,5.19,5.54,5.9
2020/10/27,5.19,5.54,5.9
2020/10/28,5.19,5.54,5.9
2020/10/29,5.19,5.54,5.9
2020/10/30,5.19,5.54,5.9
2020/10/31,5.19,5.54,5.9
2020/11/01,5.19,5.54,5.9
2020/11/02,5.19,5.54,5.9
2020/11/03,5.19,5.54,5.9
2020/11/04,5.19,5.54,5.9
2020/11/05,5.19,5.54,5.9
2020/11/06,5.08,5.42,5.76
2020/11/07,5.08,5.42,5.76
2020/11/08,5.08,5.42,5.76
2020/11/09,5.08,5.42,5.76
2020/11/10,5.08,5.42,5.76
2020/11/11,5.08,5.42,5.76
2020/11/12,5.08,5.42,5.76
2020/11/13,5.08,5.42,5.76
2020/11/14,5.08,5.42,5.76
2020/11/15,5.08,5.42,5.76
2020/11/16,5.08,5.42,5.76
2020/11/17,5.08,5.42,5.76
2020/11/18,5.08,5.42,5.76
2020/11/19,5.08,5.42,5.76
2020/11/20,5.19,5.54,5.89
2020/11/21,5.19,5.54,5.89
2020/11/22,5.19,5.54,5.89
2020/11/23,5.19,5.54,5.89
2020/11/24,5.19,5.54,5.89
2020/11/25,5.19,5.54,5.89
2020/11/26,5.19,5.54,5.89
2020/11/27,5.19,5.54,5.89
2020/11/28,5.19,5.54,5.89
2020/11/29,5.19,5.54,5.89
2020/11/30,5.19,5.54,5.89
2020/12/01,5.19,5.54,5.89
2020/12/02,5.19,5.54,5.89
2020/12/03,5.19,5.54,5.89
2020/12/04,5.37,5.73,6.1
2020/12/05,5.37,5.73,6.1
2020/12/06,5.37,5.73,6.1
2020/12/07,5.37,5.73,6.1
2020/12/08,5.37,5.73,6.1
2020/12/09,5.37,5.73,6.1
2020/12/10,5.37,5.73,6.1
2020/12/11,5.37,5.73,6.1
2020/12/12,5.37,5.73,6.1
2020/12/13,5.37,5.73,6.1
2020/12/14,5.37,5.73,6.1
2020/12/15,5.37,5.73,6.1
2020/12/16,5.37,5.73,6.1
2020/12/17,5.37,5.73,6.1
2020/12/18,5.49,5.86,6.23
2020/12/19,5.49,5.86,6.23
2020/12/20,5.49,5.86,6.23
2020/12/21,5.49,5.86,6.23
2020/12/22,5.49,5.86,6.23
2020/12/23,5.49,5.86,6.23
2020/12/24,5.49,5.86,6.23
2020/12/25,5.49,5.86,6.23
2020/12/26,5.49,5.86,6.23
2020/12/27,5.49,5.86,6.23
2020/12/28,5.49,5.86,6.23
2020/12/29,5.49,5.86,6.23
2020/12/30,5.49,5.86,6.23
2020/12/31,5.49,5.86,6.23
2021/01/01,5.56,5.93,6.31
2021/01/02,5.56,5.93,6.31
2021/01/03,5.56,5.93,6.31
2021/01/04,5.56,5.93,6.31
2021/01/05,5.56,5.93,6.31
2021/01/06,5.56,5.93,6.31
2021/01/07,5.56,5.93,6.31
2021/01/08,5.56,5.93,6.31
2021/01/09,5.56,5.93,6.31
2021/01/10,5.56,5.93,6.31
2021/01/11,5.56,5.93,6.31
2021/01/12,5.56,5.93,6.31
2021/01/13,5.56,5.93,6.31
2021/01/14,5.56,5.93,6.31
2021/01/15,5.56,5.93,6.31
2021/01/16,5.7,6.08,6.46
2021/01/17,5.7,6.08,6.46
2021/01/18,5.7,6.08,6.46
2021/01/19,5.7,6.08,6.46
2021/01/20,5.7,6.08,6.46
2021/01/21,5.7,6.08,6.46
2021/01/22,5.7,6.08,6.46
2021/01/23,5.7,6.08,6.46
2021/01/24,5.7,6.08,6.46
2021/01/25,5.7,6.08,6.46
2021/01/26,5.7,6.08,6.46
2021/01/27,5.7,6.08,6.46
2021/01/28,5.7,6.08,6.46
2021/01/29,5.7,6.08,6.46
2021/01/30,5.75,6.14,6.53
2021/01/31,5.75,6.14,6.53
2021/02/01,5.75,6.14,6.53
2021/02/02,5.75,6.14,6.53
2021/02/03,5.75,6.14,6.53
2021/02/04,5.75,6.14,6.53
2021/02/05,5.75,6.14,6.53
2021/02/06,5.75,6.14,6.53
2021/02/07,5.75,6.14,6.53
2021/02/08,5.75,6.14,6.53
2021/02/09,5.75,6.14,6.53
2021/02/10,5.75,6.14,6.53
2021/02/11,5.75,6.14,6.53
2021/02/12,5.75,6.14,6.53
2021/02/13,5.75,6.14,6.53
2021/02/14,5.75,6.14,6.53
2021/02/15,5.75,6.14,6.53
2021/02/16,5.75,6.14,6.53
2021/02/17,5.75,6.14,6.53
2021/02/18,5.75,6.14,6.53
2021/02/19,5.96,6.36,6.76
2021/02/20,5.96,6.36,6.76
2021/02/21,5.96,6.36,6.76
2021/02/22,5.96,6.36,6.76
2021/02/23,5.96,6.36,6.76
2021/02/24,5.96,6.36,6.76
2021/02/25,5.96,6.36,6.76
2021/02/26,5.96,6.36,6.76
2021/02/27,5.96,6.36,6.76
2021/02/28,5.96,6.36,6.76
2021/03/01,5.96,6.36,6.76
2021/03/02,5.96,6.36,6.76
2021/03/03,5.96,6.36,6.76
2021/03/04,6.15,6.57,6.98
2021/03/05,6.15,6.57,6.98
2021/03/06,6.15,6.57,6.98
2021/03/07,6.15,6.57,6.98
2021/03/08,6.15,6.57,6.98
2021/03/09,6.15,6.57,6.98
2021/03/10,6.15,6.57,6.98
2021/03/11,6.15,6.57,6.98
2021/03/12,6.15,6.57,6.98
2021/03/13,6.15,6.57,6.98
2021/03/14,6.15,6.57,6.98
2021/03/15,6.15,6.57,6.98
2021/03/16,6.15,6.57,6.98
2021/03/17,6.15,6.57,6.98
2021/03/18,6.33,6.75,7.18
2021/03/19,6.33,6.75,7.18
2021/03/20,6.33,6.75,7.18
2021/03/21,6.33,6.75,7.18
2021/03/22,6.33,6.75,7.18
2021/03/23,6.33,6.75,7.18
2021/03/24,6.33,6.75,7.18
2021/03/25,6.33,6.75,7.18
2021/03/26,6.33,6.75,7.18
2021/03/27,6.33,6.75,7.18
2021/03/28,6.33,6.75,7.18
2021/03/29,6.33,6.75,7.18
2021/03/30,6.33,6.75,7.18
2021/03/31,6.33,6.75,7.18
2021/04/01,6.16,6.57,6.99
2021/04/02,6.16,6.57,6.99
2021/04/03,6.16,6.57,6.99
2021/04/04,6.16,6.57,6.99
2021/04/05,6.16,6.57,6.99
2021/04/06,6.16,6.57,6.99
2021/04/07,6.16,6.57,6.99
2021/04/08,6.16,6.57,6.99
2021/04/09,6.16,6.57,6.99
2021/04/10,6.16,6.57,6.99
2021/04/11,6.16,6.57,6.99
2021/04/12,6.16,6.57,6.99
2021/04/13,6.16,6.57,6.99
2021/04/14,6.16,6.57,6.99
2021/04/15,6.16,6.57,6.99
2021/04/16,6.16,6.57,6.99
2021/04/17,6.16,6.57,6.99
2021/04/18,6.16,6.57,6.99
2021/04/19,6.16,6.57,6.99
2021/04/20,6.16,6.57,6.99
2021/04/21,6.16,6.57,6.99
2021/04/22,6.16,6.57,6.99
2021/04/23,6.16,6.57,6.99
2021/04/24,6.16,6.57,6.99
2021/04/25,6.16,6.57,6.99
2021/04/26,6.16,6.57,6.99
2021/04/27,6.16,6.57,6.99
2021/04/28,6.16,6.57,6.99
2021/04/29,6.23,6.65,7.08
2021/04/30,6.23,6.65,7.08
2021/05/01,6.23,6.65,7.08
2021/05/02,6.23,6.65,7.08
2021/05/03,6.23,6.65,7.08
2021/05/04,6.23,6.65,7.08
2021/05/05,6.23,6.65,7.08
2021/05/06,6.23,6.65,7.08
2021/05/07,6.23,6.65,7.08
2021/05/08,6.23,6.65,7.08
2021/05/09,6.23,6.65,7.08
2021/05/10,6.23,6.65,7.08
2021/05/11,6.23,6.65,7.08
2021/05/12,6.23,6.65,7.08
2021/05/13,6.23,6.65,7.08
2021/05/14,6.23,6.65,7.08
2021/05/15,6.31,6.73,7.16
2021/05/16,6.31,6.73,7.16
2021/05/17,6.31,6.73,7.16
2021/05/18,6.31,6.73,7.16
2021/05/19,6.31,6.73,7.16
2021/05/20,6.31,6.73,7.16
2021/05/21,6.31,6.73,7.16
2021/05/22,6.31,6.73,7.16
2021/05/23,6.31,6.73,7.16
2021/05/24,6.31,6.73,7.16
2021/05/25,6.31,6.73,7.16
2021/05/26,6.31,6.73,7.16
2021/05/27,6.31,6.73,7.16
2021/05/28,6.31,6.73,7.16
2021/05/29,6.31,6.73,7.16
2021/05/30,6.31,6.73,7.16
2021/05/31,6.31,6.73,7.16
2021/06/01,6.31,6.73,7.16
2021/06/02,6.31,6.73,7.16
2021/06/03,6.31,6.73,7.16
2021/06/04,6.31,6.73,7.16
2021/06/05,6.31,6.73,7.16
2021/06/06,6.31,6.73,7.16
2021/06/07,6.31,6.73,7.16
2021/06/08,6.31,6.73,7.16
2021/06/09,6.31,6.73,7.16
2021/06/10,6.31,6.73,7.16
2021/06/11,6.31,6.73,7.16
2021/06/12,6.44,6.87,7.31
2021/06/13,6.44,6.87,7.31
2021/06/14,6.44,6.87,7.31
2021/06/15,6.44,6.87,7.31
2021/06/16,6.44,6.87,7.31
2021/06/17,6.44,6.87,7.31
2021/06/18,6.44,6.87,7.31
2021/06/19,6.44,6.87,7.31
2021/06/20,6.44,6.87,7.31
2021/06/21,6.44,6.87,7.31
2021/06/22,6.44,6.87,7.31
2021/06/23,6.44,6.87,7.31
2021/06/24,6.44,6.87,7.31
2021/06/25,6.44,6.87,7.31
2021/06/26,6.44,6.87,7.31
2021/06/27,6.44,6.87,7.31
2021/06/28,6.44,6.87,7.31
2021/06/29,6.61,7.05,7.5
2021/06/30,6.61,7.05,7.5
2021/07/01,6.61,7.05,7.5
2021/07/02,6.61,7.05,7.5
2021/07/03,6.61,7.05,7.5
2021/07/04,6.61,7.05,7.5
2021/07/05,6.61,7.05,7.5
2021/07/06,6.61,7.05,7.5
2021/07/07,6.61,7.05,7.5
2021/07/08,6.61,7.05,7.5
2021/07/09,6.61,7.05,7.5
2021/07/10,6.61,7.05,7.5
2021/07/11,6.61,7.05,7.5
2021/07/12,6.61,7.05,7.5
2021/07/13,6.66,7.11,7.56
2021/07/14,6.66,7.11,7.56
2021/07/15,6.66,7.11,7.56
2021/07/16,6.66,7.11,7.56
2021/07/17,6.66,7.11,7.56
2021/07/18,6.66,7.11,7.56
2021/07/19,6.66,7.11,7.56
2021/07/20,6.66,7.11,7.56
2021/07/21,6.66,7.11,7.56
2021/07/22,6.66,7.11,7.56
2021/07/23,6.66,7.11,7.56
2021/07/24,6.66,7.11,7.56
2021/07/25,6.66,7.11,7.56
2021/07/26,6.66,7.11,7.56
2021/07/27,6.59,7.03,7.48
2021/07/28,6.59,7.03,7.48
2021/07/29,6.59,7.03,7.48
2021/07/30,6.59,7.03,7.48
2021/07/31,6.59,7.03,7.48
2021/08/01,6.59,7.03,7.48
2021/08/02,6.59,7.03,7.48
2021/08/03,6.59,7.03,7.48
2021/08/04,6.59,7.03,7.48
2021/08/05,6.59,7.03,7.48
2021/08/06,6.59,7.03,7.48
2021/08/07,6.59,7.03,7.48
2021/08/08,6.59,7.03,7.48
2021/08/09,6.59,7.03,7.48
2021/08/10,6.59,7.03,7.48
2021/08/11,6.59,7.03,7.48
2021/08/12,6.59,7.03,7.48
2021/08/13,6.59,7.03,7.48
2021/08/14,6.59,7.03,7.48
2021/08/15,6.59,7.03,7.48
2021/08/16,6.59,7.03,7.48
2021/08/17,6.59,7.03,7.48
2021/08/18,6.59,7.03,7.48
2021/08/19,6.59,7.03,7.48
2021/08/20,6.59,7.03,7.48
2021/08/21,6.59,7.03,7.48
2021/08/22,6.59,7.03,7.48
2021/08/23,6.59,7.03,7.48
2021/08/24,6.4,6.83,7.26
2021/08/25,6.4,6.83,7.26
2021/08/26,6.4,6.83,7.26
2021/08/27,6.4,6.83,7.26
2021/08/28,6.4,6.83,7.26
2021/08/29,6.4,6.83,7.26
2021/08/30,6.4,6.83,7.26
2021/08/31,6.4,6.83,7.26
2021/09/01,6.4,6.83,7.26
2021/09/02,6.4,6.83,7.26
2021/09/03,6.4,6.83,7.26
2021/09/04,6.4,6.83,7.26
2021/09/05,6.4,6.83,7.26
2021/09/06,6.4,6.83,7.26
2021/09/07,6.5,6.94,7.38
2021/09/08,6.5,6.94,7.38
2021/09/09,6.5,6.94,7.38
2021/09/10,6.5,6.94,7.38
2021/09/11,6.5,6.94,7.38
2021/09/12,6.5,6.94,7.38
2021/09/13,6.5,6.94,7.38
2021/09/14,6.5,6.94,7.38
2021/09/15,6.5,6.94,7.38
2021/09/16,6.5,6.94,7.38
2021/09/17,6.5,6.94,7.38
2021/09/18,6.5,6.94,7.38
2021/09/19,6.57,7.01,7.46
2021/09/20,6.57,7.01,7.46
2021/09/21,6.57,7.01,7.46
2021/09/22,6.57,7.01,7.46
2021/09/23,6.57,7.01,7.46
2021/09/24,6.57,7.01,7.46
2021/09/25,6.57,7.01,7.46
2021/09/26,6.57,7.01,7.46
2021/09/27,6.57,7.01,7.46
2021/09/28,6.57,7.01,7.46
2021/09/29,6.57,7.01,7.46
2021/09/30,6.57,7.01,7.46
2021/10/01,6.57,7.01,7.46
2021/10/02,6.57,7.01,7.46
2021/10/03,6.57,7.01,7.46
2021/10/04,6.57,7.01,7.46
2021/10/05,6.57,7.01,7.46
2021/10/06,6.57,7.01,7.46
2021/10/07,6.57,7.01,7.46
2021/10/08,6.57,7.01,7.46
2021/10/09,6.57,7.01,7.46
2021/10/10,6.83,7.29,7.75
2021/10/11,6.83,7.29,7.75
2021/10/12,6.83,7.29,7.75
2021/10/13,6.83,7.29,7.75
2021/10/14,6.83,7.29,7.75
2021/10/15,6.83,7.29,7.75
2021/10/16,6.83,7.29,7.75
2021/10/17,6.83,7.29,7.75
2021/10/18,6.83,7.29,7.75
2021/10/19,6.83,7.29,7.75
2021/10/20,6.83,7.29,7.75
2021/10/21,6.83,7.29,7.75
2021/10/22,6.83,7.29,7.75
2021/10/23,7.05,7.53,8.01
2021/10/24,7.05,7.53,8.01
2021/10/25,7.05,7.53,8.01
2021/10/26,7.05,7.53,8.01
2021/10/27,7.05,7.53,8.01
2021/10/28,7.05,7.53,8.01
2021/10/29,7.05,7.53,8.01
2021/10/30,7.05,7.53,8.01
2021/10/31,7.05,7.53,8.01
2021/11/01,7.05,7.53,8.01
2021/11/02,7.05,7.53,8.01
2021/11/03,7.05,7.53,8.01
2021/11/04,7.05,7.53,8.01
2021/11/05,7.05,7.53,8.01
2021/11/06,7.05,7.53,8.01
2021/11/07,7.05,7.53,8.01
2021/11/08,7.05,7.53,8.01
2021/11/09,7.05,7.53,8.01
2021/11/10,7.05,7.53,8.01
2021/11/11,7.05,7.53,8.01
2021/11/12,7.05,7.53,8.01
2021/11/13,7.05,7.53,8.01
2021/11/14,7.05,7.53,8.01
2021/11/15,7.05,7.53,8.01
2021/11/16,7.05,7.53,8.01
2021/11/17,7.05,7.53,8.01
2021/11/18,7.05,7.53,8.01
2021/11/19,7.05,7.53,8.01
2021/11/20,6.98,7.45,7.93
2021/11/21,6.98,7.45,7.93
2021/11/22,6.98,7.45,7.93
2021/11/23,6.98,7.45,7.93
2021/11/24,6.98,7.45,7.93
2021/11/25,6.98,7.45,7.93
2021/11/26,6.98,7.45,7.93
2021/11/27,6.98,7.45,7.93
2021/11/28,6.98,7.45,7.93
2021/11/29,6.98,7.45,7.93
2021/11/30,6.98,7.45,7.93
2021/12/01,6.98,7.45,7.93
2021/12/02,6.98,7.45,7.93
2021/12/03,6.98,7.45,7.93
2021/12/04,6.66,7.11,7.56
2021/12/05,6.66,7.11,7.56
2021/12/06,6.66,7.11,7.56
2021/12/07,6.66,7.11,7.56
2021/12/08,6.66,7.11,7.56
2021/12/09,6.66,7.11,7.56
2021/12/10,6.66,7.11,7.56
2021/12/11,6.66,7.11,7.56
2021/12/12,6.66,7.11,7.56
2021/12/13,6.66,7.11,7.56
2021/12/14,6.66,7.11,7.56
2021/12/15,6.66,7.11,7.56
2021/12/16,6.66,7.11,7.56
2021/12/17,6.66,7.11,7.56
2021/12/18,6.56,7,7.45
2021/12/19,6.56,7,7.45
2021/12/20,6.56,7,7.45
2021/12/21,6.56,7,7.45
2021/12/22,6.56,7,7.45
2021/12/23,6.56,7,7.45
2021/12/24,6.56,7,7.45
2021/12/25,6.56,7,7.45
2021/12/26,6.56,7,7.45
2021/12/27,6.56,7,7.45
2021/12/28,6.56,7,7.45
2021/12/29,6.56,7,7.45
2021/12/30,6.56,7,7.45
2021/12/31,6.56,7,7.45
2022/01/01,6.67,7.12,7.57
2022/01/02,6.67,7.12,7.57
2022/01/03,6.67,7.12,7.57
2022/01/04,6.67,7.12,7.57
2022/01/05,6.67,7.12,7.57
2022/01/06,6.67,7.12,7.57
2022/01/07,6.67,7.12,7.57
2022/01/08,6.67,7.12,7.57
2022/01/09,6.67,7.12,7.57
2022/01/10,6.67,7.12,7.57
2022/01/11,6.67,7.12,7.57
2022/01/12,6.67,7.12,7.57
2022/01/13,6.67,7.12,7.57
2022/01/14,6.67,7.12,7.57
2022/01/15,6.67,7.12,7.57
2022/01/16,6.67,7.12,7.57
2022/01/17,6.67,7.12,7.57
2022/01/18,6.93,7.39,7.86
2022/01/19,6.93,7.39,7.86
2022/01/20,6.93,7.39,7.86
2022/01/21,6.93,7.39,7.86
2022/01/22,6.93,7.39,7.86
2022/01/23,6.93,7.39,7.86
2022/01/24,6.93,7.39,7.86
2022/01/25,6.93,7.39,7.86
2022/01/26,6.93,7.39,7.86
2022/01/27,6.93,7.39,7.86
2022/01/28,6.93,7.39,7.86
2022/01/29,6.93,7.39,7.86
2022/01/30,7.16,7.64,8.12
2022/01/31,7.16,7.64,8.12
2022/02/01,7.16,7.64,8.12
2022/02/02,7.16,7.64,8.12
2022/02/03,7.16,7.64,8.12
2022/02/04,7.16,7.64,8.12
2022/02/05,7.16,7.64,8.12
2022/02/06,7.16,7.64,8.12
2022/02/07,7.16,7.64,8.12
2022/02/08,7.16,7.64,8.12
2022/02/09,7.16,7.64,8.12
2022/02/10,7.16,7.64,8.12
2022/02/11,7.16,7.64,8.12
2022/02/12,7.16,7.64,8.12
2022/02/13,7.16,7.64,8.12
2022/02/14,7.16,7.64,8.12
2022/02/15,7.16,7.64,8.12
2022/02/16,7.16,7.64,8.12
2022/02/17,7.16,7.64,8.12
2022/02/18,7.32,7.81,8.3
2022/02/19,7.32,7.81,8.3
2022/02/20,7.32,7.81,8.3
2022/02/21,7.32,7.81,8.3
2022/02/22,7.32,7.81,8.3
2022/02/23,7.32,7.81,8.3
2022/02/24,7.32,7.81,8.3
2022/02/25,7.32,7.81,8.3
2022/02/26,7.32,7.81,8.3
2022/02/27,7.32,7.81,8.3
2022/02/28,7.32,7.81,8.3
2022/03/01,7.32,7.81,8.3
2022/03/02,7.32,7.81,8.3
2022/03/03,7.32,7.81,8.3
2022/03/04,7.51,8.01,8.52
2022/03/05,7.51,8.01,8.52
2022/03/06,7.51,8.01,8.52
2022/03/07,7.51,8.01,8.52
2022/03/08,7.51,8.01,8.52
2022/03/09,7.51,8.01,8.52
2022/03/10,7.51,8.01,8.52
2022/03/11,7.51,8.01,8.52
2022/03/12,7.51,8.01,8.52
2022/03/13,7.51,8.01,8.52
2022/03/14,7.51,8.01,8.52
2022/03/15,7.51,8.01,8.52
2022/03/16,7.51,8.01,8.52
2022/03/17,7.51,8.01,8.52
2022/03/18,8.07,8.61,9.16
2022/03/19,8.07,8.61,9.16
2022/03/20,8.07,8.61,9.16
2022/03/21,8.07,8.61,9.16
2022/03/22,8.07,8.61,9.16
2022/03/23,8.07,8.61,9.16
2022/03/24,8.07,8.61,9.16
2022/03/25,8.07,8.61,9.16
2022/03/26,8.07,8.61,9.16
2022/03/27,8.07,8.61,9.16
2022/03/28,8.07,8.61,9.16
2022/03/29,8.07,8.61,9.16
2022/03/30,8.07,8.61,9.16
2022/03/31,8.07,8.61,9.16
2022/04/01,8.15,8.7,9.25
2022/04/02,8.15,8.7,9.25
2022/04/03,8.15,8.7,9.25
2022/04/04,8.15,8.7,9.25
2022/04/05,8.15,8.7,9.25
2022/04/06,8.15,8.7,9.25
2022/04/07,8.15,8.7,9.25
2022/04/08,8.15,8.7,9.25
2022/04/09,8.15,8.7,9.25
2022/04/10,8.15,8.7,9.25
2022/04/11,8.15,8.7,9.25
2022/04/12,8.15,8.7,9.25
2022/04/13,8.15,8.7,9.25
2022/04/14,8.15,8.7,9.25
2022/04/15,8.15,8.7,9.25
2022/04/16,7.75,8.27,8.79
2022/04/17,7.75,8.27,8.79
2022/04/18,7.75,8.27,8.79
2022/04/19,7.75,8.27,8.79
2022/04/20,7.75,8.27,8.79
2022/04/21,7.75,8.27,8.79
2022/04/22,7.75,8.27,8.79
2022/04/23,7.75,8.27,8.79
2022/04/24,7.75,8.27,8.79
2022/04/25,7.75,8.27,8.79
2022/04/26,7.75,8.27,8.79
2022/04/27,7.75,8.27,8.79
2022/04/28,7.75,8.27,8.79
2022/04/29,7.9,8.43,8.97
2022/04/30,7.9,8.43,8.97
2022/05/01,7.9,8.43,8.97
2022/05/02,7.9,8.43,8.97
2022/05/03,7.9,8.43,8.97
2022/05/04,7.9,8.43,8.97
2022/05/05,7.9,8.43,8.97
2022/05/06,7.9,8.43,8.97
2022/05/07,7.9,8.43,8.97
2022/05/08,7.9,8.43,8.97
2022/05/09,7.9,8.43,8.97
2022/05/10,7.9,8.43,8.97
2022/05/11,7.9,8.43,8.97
2022/05/12,7.9,8.43,8.97
2022/05/13,7.9,8.43,8.97
2022/05/14,7.9,8.43,8.97
2022/05/15,7.9,8.43,8.97
2022/05/16,7.9,8.43,8.97
2022/05/17,8.11,8.66,9.21
2022/05/18,8.11,8.66,9.21
2022/05/19,8.11,8.66,9.21
2022/05/20,8.11,8.66,9.21
2022/05/21,8.11,8.66,9.21
2022/05/22,8.11,8.66,9.21
2022/05/23,8.11,8.66,9.21
2022/05/24,8.11,8.66,9.21
2022/05/25,8.11,8.66,9.21
2022/05/26,8.11,8.66,9.21
2022/05/27,8.11,8.66,9.21
2022/05/28,8.11,8.66,9.21
2022/05/29,8.11,8.66,9.21
2022/05/30,8.11,8.66,9.21
2022/05/31,8.41,8.98,9.55
2022/06/01,8.41,8.98,9.55
2022/06/02,8.41,8.98,9.55
2022/06/03,8.41,8.98,9.55
2022/06/04,8.41,8.98,9.55
2022/06/05,8.41,8.98,9.55
2022/06/06,8.41,8.98,9.55
2022/06/07,8.41,8.98,9.55
2022/06/08,8.41,8.98,9.55
2022/06/09,8.41,8.98,9.55
2022/06/10,8.41,8.98,9.55
2022/06/11,8.41,8.98,9.55
2022/06/12,8.41,8.98,9.55
2022/06/13,8.41,8.98,9.55
2022/06/14,8.41,8.98,9.55
2022/06/15,8.7,9.29,9.88
2022/06/16,8.7,9.29,9.88
2022/06/17,8.7,9.29,9.88
2022/06/18,8.7,9.29,9.88
2022/06/19,8.7,9.29,9.88
2022/06/20,8.7,9.29,9.88
2022/06/21,8.7,9.29,9.88
2022/06/22,8.7,9.29,9.88
2022/06/23,8.7,9.29,9.88
2022/06/24,8.7,9.29,9.88
2022/06/25,8.7,9.29,9.88
2022/06/26,8.7,9.29,9.88
2022/06/27,8.7,9.29,9.88
2022/06/28,8.7,9.29,9.88
2022/06/29,8.46,9.03,9.61
2022/06/30,8.46,9.03,9.61
2022/07/01,8.46,9.03,9.61
2022/07/02,8.46,9.03,9.61
2022/07/03,8.46,9.03,9.61
2022/07/04,8.46,9.03,9.61
2022/07/05,8.46,9.03,9.61
2022/07/06,8.46,9.03,9.61
2022/07/07,8.46,9.03,9.61
2022/07/08,8.46,9.03,9.61
2022/07/09,8.46,9.03,9.61
2022/07/10,8.46,9.03,9.61
2022/07/11,8.46,9.03,9.61
2022/07/12,8.46,9.03,9.61
2022/07/13,8.19,8.74,9.3
2022/07/14,8.19,8.74,9.3
2022/07/15,8.19,8.74,9.3
2022/07/16,8.19,8.74,9.3
2022/07/17,8.19,8.74,9.3
2022/07/18,8.19,8.74,9.3
2022/07/19,8.19,8.74,9.3
2022/07/20,8.19,8.74,9.3
2022/07/21,8.19,8.74,9.3
2022/07/22,8.19,8.74,9.3
2022/07/23,8.19,8.74,9.3
2022/07/24,8.19,8.74,9.3
2022/07/25,8.19,8.74,9.3
2022/07/26,8.19,8.74,9.3
2022/07/27,7.97,8.5,9.05
2022/07/28,7.97,8.5,9.05
2022/07/29,7.97,8.5,9.05
2022/07/30,7.97,8.5,9.05
2022/07/31,7.97,8.5,9.05
2022/08/01,7.97,8.5,9.05
2022/08/02,7.97,8.5,9.05
2022/08/03,7.97,8.5,9.05
2022/08/04,7.97,8.5,9.05
2022/08/05,7.97,8.5,9.05
2022/08/06,7.97,8.5,9.05
2022/08/07,7.97,8.5,9.05
2022/08/08,7.97,8.5,9.05
2022/08/09,7.97,8.5,9.05
2022/08/10,7.87,8.4,8.94
2022/08/11,7.87,8.4,8.94
2022/08/12,7.87,8.4,8.94
2022/08/13,7.87,8.4,8.94
2022/08/14,7.87,8.4,8.94
2022/08/15,7.87,8.4,8.94
2022/08/16,7.87,8.4,8.94
2022/08/17,7.87,8.4,8.94
2022/08/18,7.87,8.4,8.94
2022/08/19,7.87,8.4,8.94
2022/08/20,7.87,8.4,8.94
2022/08/21,7.87,8.4,8.94
2022/08/22,7.87,8.4,8.94
2022/08/23,7.87,8.4,8.94
2022/08/24,7.72,8.24,8.76
2022/08/25,7.72,8.24,8.76
2022/08/26,7.72,8.24,8.76
2022/08/27,7.72,8.24,8.76
2022/08/28,7.72,8.24,8.76
2022/08/29,7.72,8.24,8.76
2022/08/30,7.72,8.24,8.76
2022/08/31,7.72,8.24,8.76
2022/09/01,7.72,8.24,8.76
2022/09/02,7.72,8.24,8.76
2022/09/03,7.72,8.24,8.76
2022/09/04,7.72,8.24,8.76
2022/09/05,7.72,8.24,8.76
2022/09/06,7.72,8.24,8.76
2022/09/07,7.86,8.39,8.92
2022/09/08,7.86,8.39,8.92
2022/09/09,7.86,8.39,8.92
2022/09/10,7.86,8.39,8.92
2022/09/11,7.86,8.39,8.92
2022/09/12,7.86,8.39,8.92
2022/09/13,7.86,8.39,8.92
2022/09/14,7.86,8.39,8.92
2022/09/15,7.86,8.39,8.92
2022/09/16,7.86,8.39,8.92
2022/09/17,7.86,8.39,8.92
2022/09/18,7.86,8.39,8.92
2022/09/19,7.86,8.39,8.92
2022/09/20,7.86,8.39,8.92
2022/09/21,7.86,8.39,8.92
2022/09/22,7.64,8.16,8.68
2022/09/23,7.64,8.16,8.68
2022/09/24,7.64,8.16,8.68
2022/09/25,7.64,8.16,8.68
2022/09/26,7.64,8.16,8.68
2022/09/27,7.64,8.16,8.68
2022/09/28,7.64,8.16,8.68
2022/09/29,7.64,8.16,8.68
2022/09/30,7.64,8.16,8.68
2022/10/01,7.64,8.16,8.68
2022/10/02,7.64,8.16,8.68
2022/10/03,7.64,8.16,8.68
2022/10/04,7.64,8.16,8.68
2022/10/05,7.64,8.16,8.68
2022/10/06,7.64,8.16,8.68
2022/10/07,7.64,8.16,8.68
2022/10/08,7.64,8.16,8.68
2022/10/09,7.64,8.16,8.68
2022/10/10,7.64,8.16,8.68
2022/10/11,7.64,8.16,8.68
2022/10/12,7.64,8.16,8.68
2022/10/13,7.64,8.16,8.68
2022/10/14,7.64,8.16,8.68
2022/10/15,7.64,8.16,8.68
2022/10/16,7.64,8.16,8.68
2022/10/17,7.64,8.16,8.68
2022/10/18,7.64,8.16,8.68
2022/10/19,7.64,8.16,8.68
2022/10/20,7.64,8.16,8.68
2022/10/21,7.64,8.16,8.68
2022/10/22,7.64,8.16,8.68
2022/10/23,7.64,8.16,8.68
2022/10/24,7.64,8.16,8.68
2022/10/25,7.78,8.31,8.83
2022/10/26,7.78,8.31,8.83
2022/10/27,7.78,8.31,8.83
2022/10/28,7.78,8.31,8.83
2022/10/29,7.78,8.31,8.83
2022/10/30,7.78,8.31,8.83
2022/10/31,7.78,8.31,8.83
2022/11/01,7.78,8.31,8.83
2022/11/02,7.78,8.31,8.83
2022/11/03,7.78,8.31,8.83
2022/11/04,7.78,8.31,8.83
2022/11/05,7.78,8.31,8.83
2022/11/06,7.78,8.31,8.83
2022/11/07,7.78,8.31,8.83
2022/11/08,7.9,8.43,8.97
2022/11/09,7.9,8.43,8.97
2022/11/10,7.9,8.43,8.97
2022/11/11,7.9,8.43,8.97
2022/11/12,7.9,8.43,8.97
2022/11/13,7.9,8.43,8.97
2022/11/14,7.9,8.43,8.97
2022/11/15,7.9,8.43,8.97
2022/11/16,7.9,8.43,8.97
2022/11/17,7.9,8.43,8.97
2022/11/18,7.9,8.43,8.97
2022/11/19,7.9,8.43,8.97
2022/11/20,7.9,8.43,8.97
2022/11/21,7.9,8.43,8.97
2022/11/22,7.77,8.29,8.82
2022/11/23,7.77,8.29,8.82
2022/11/24,7.77,8.29,8.82
2022/11/25,7.77,8.29,8.82
2022/11/26,7.77,8.29,8.82
2022/11/27,7.77,8.29,8.82
2022/11/28,7.77,8.29,8.82
2022/11/29,7.77,8.29,8.82
2022/11/30,7.77,8.29,8.82
2022/12/01,7.77,8.29,8.82
2022/12/02,7.77,8.29,8.82
2022/12/03,7.77,8.29,8.82
2022/12/04,7.77,8.29,8.82
2022/12/05,7.77,8.29,8.82
2022/12/06,7.44,7.94,8.44
2022/12/07,7.44,7.94,8.44
2022/12/08,7.44,7.94,8.44
2022/12/09,7.44,7.94,8.44
2022/12/10,7.44,7.94,8.44
2022/12/11,7.44,7.94,8.44
2022/12/12,7.44,7.94,8.44
2022/12/13,7.44,7.94,8.44
2022/12/14,7.44,7.94,8.44
2022/12/15,7.44,7.94,8.44
2022/12/16,7.44,7.94,8.44
2022/12/17,7.44,7.94,8.44
2022/12/18,7.44,7.94,8.44
2022/12/19,7.44,7.94,8.44
2022/12/20,7.08,7.55,8.04
2022/12/21,7.08,7.55,8.04
2022/12/22,7.08,7.55,8.04
2022/12/23,7.08,7.55,8.04
2022/12/24,7.08,7.55,8.04
2022/12/25,7.08,7.55,8.04
2022/12/26,7.08,7.55,8.04
2022/12/27,7.08,7.55,8.04
2022/12/28,7.08,7.55,8.04
2022/12/29,7.08,7.55,8.04
2022/12/30,7.08,7.55,8.04
2022/12/31,7.08,7.55,8.04
2023/01/01,7.08,7.55,8.04
2023/01/02,7.08,7.55,8.04
2023/01/03,7.08,7.55,8.04
2023/01/04,7.27,7.75,8.25
2023/01/05,7.27,7.75,8.25
2023/01/06,7.27,7.75,8.25
2023/01/07,7.27,7.75,8.25
2023/01/08,7.27,7.75,8.25
2023/01/09,7.27,7.75,8.25
2023/01/10,7.27,7.75,8.25
2023/01/11,7.27,7.75,8.25
2023/01/12,7.27,7.75,8.25
2023/01/13,7.27,7.75,8.25
2023/01/14,7.27,7.75,8.25
2023/01/15,7.27,7.75,8.25
2023/01/16,7.27,7.75,8.25
2023/01/17,7.27,7.75,8.25
2023/01/18,7.11,7.59,8.07
2023/01/19,7.11,7.59,8.07
2023/01/20,7.11,7.59,8.07
2023/01/21,7.11,7.59,8.07
2023/01/22,7.11,7.59,8.07
2023/01/23,7.11,7.59,8.07
2023/01/24,7.11,7.59,8.07
2023/01/25,7.11,7.59,8.07
2023/01/26,7.11,7.59,8.07
2023/01/27,7.11,7.59,8.07
2023/01/28,7.11,7.59,8.07
2023/01/29,7.11,7.59,8.07
2023/01/30,7.11,7.59,8.07
2023/01/31,7.11,7.59,8.07
2023/02/01,7.11,7.59,8.07
2023/02/02,7.11,7.59,8.07
2023/02/03,7.11,7.59,8.07
2023/02/04,7.27,7.76,8.25
2023/02/05,7.27,7.76,8.25
2023/02/06,7.27,7.76,8.25
2023/02/07,7.27,7.76,8.25
2023/02/08,7.27,7.76,8.25
2023/02/09,7.27,7.76,8.25
2023/02/10,7.27,7.76,8.25
2023/02/11,7.27,7.76,8.25
2023/02/12,7.27,7.76,8.25
2023/02/13,7.27,7.76,8.25
2023/02/14,7.27,7.76,8.25
2023/02/15,7.27,7.76,8.25
2023/02/16,7.27,7.76,8.25
2023/02/17,7.27,7.76,8.25
2023/02/18,7.27,7.76,8.25
2023/02/19,7.27,7.76,8.25
2023/02/20,7.27,7.76,8.25
2023/02/21,7.27,7.76,8.25
2023/02/22,7.27,7.76,8.25
2023/02/23,7.27,7.76,8.25
2023/02/24,7.27,7.76,8.25
2023/02/25,7.27,7.76,8.25
2023/02/26,7.27,7.76,8.25
2023/02/27,7.27,7.76,8.25
2023/02/28,7.27,7.76,8.25
2023/03/01,7.27,7.76,8.25
2023/03/02,7.27,7.76,8.25
2023/03/03,7.27,7.76,8.25
2023/03/04,7.27,7.76,8.25
2023/03/05,7.27,7.76,8.25
2023/03/06,7.27,7.76,8.25
2023/03/07,7.27,7.76,8.25
2023/03/08,7.27,7.76,8.25
2023/03/09,7.27,7.76,8.25
2023/03/10,7.27,7.76,8.25
2023/03/11,7.27,7.76,8.25
2023/03/12,7.27,7.76,8.25
2023/03/13,7.27,7.76,8.25
2023/03/14,7.27,7.76,8.25
2023/03/15,7.27,7.76,8.25
2023/03/16,7.27,7.76,8.25
2023/03/17,7.27,7.76,8.25
2023/03/18,7.2,7.68,8.17
2023/03/19,7.2,7.68,8.17
2023/03/20,7.2,7.68,8.17
2023/03/21,7.2,7.68,8.17
2023/03/22,7.2,7.68,8.17
2023/03/23,7.2,7.68,8.17
2023/03/24,7.2,7.68,8.17
2023/03/25,7.2,7.68,8.17
2023/03/26,7.2,7.68,8.17
2023/03/27,7.2,7.68,8.17
2023/03/28,7.2,7.68,8.17
2023/03/29,7.2,7.68,8.17
2023/03/30,7.2,7.68,8.17
2023/03/31,7.2,7.68,8.17
2023/04/01,6.95,7.41,7.88
2023/04/02,6.95,7.41,7.88
2023/04/03,6.95,7.41,7.88
2023/04/04,6.95,7.41,7.88
2023/04/05,6.95,7.41,7.88
2023/04/06,6.95,7.41,7.88
2023/04/07,6.95,7.41,7.88
2023/04/08,6.95,7.41,7.88
2023/04/09,6.95,7.41,7.88
2023/04/10,6.95,7.41,7.88
2023/04/11,6.95,7.41,7.88
2023/04/12,6.95,7.41,7.88
2023/04/13,6.95,7.41,7.88
2023/04/14,6.95,7.41,7.88
2023/04/15,6.95,7.41,7.88
2023/04/16,6.95,7.41,7.88
2023/04/17,6.95,7.41,7.88
2023/04/18,7.36,7.85,8.35
2023/04/19,7.36,7.85,8.35
2023/04/20,7.36,7.85,8.35
2023/04/21,7.36,7.85,8.35
2023/04/22,7.36,7.85,8.35
2023/04/23,7.36,7.85,8.35
2023/04/24,7.36,7.85,8.35
2023/04/25,7.36,7.85,8.35
2023/04/26,7.36,7.85,8.35
2023/04/27,7.36,7.85,8.35
2023/04/28,7.36,7.85,8.35
2023/04/29,7.24,7.72,8.21
2023/04/30,7.24,7.72,8.21
2023/05/01,7.24,7.72,8.21
2023/05/02,7.24,7.72,8.21
2023/05/03,7.24,7.72,8.21
2023/05/04,7.24,7.72,8.21
2023/05/05,7.24,7.72,8.21
2023/05/06,7.24,7.72,8.21
2023/05/07,7.24,7.72,8.21
2023/05/08,7.24,7.72,8.21
2023/05/09,7.24,7.72,8.21
2023/05/10,7.24,7.72,8.21
2023/05/11,7.24,7.72,8.21
2023/05/12,7.24,7.72,8.21
2023/05/13,7.24,7.72,8.21
2023/05/14,7.24,7.72,8.21
2023/05/15,7.24,7.72,8.21
2023/05/16,7.24,7.72,8.21
2023/05/17,6.95,7.42,7.89
2023/05/18,6.95,7.42,7.89
2023/05/19,6.95,7.42,7.89
2023/05/20,6.95,7.42,7.89
2023/05/21,6.95,7.42,7.89
2023/05/22,6.95,7.42,7.89
2023/05/23,6.95,7.42,7.89
2023/05/24,6.95,7.42,7.89
2023/05/25,6.95,7.42,7.89
2023/05/26,6.95,7.42,7.89
2023/05/27,6.95,7.42,7.89
2023/05/28,6.95,7.42,7.89
2023/05/29,6.95,7.42,7.89
2023/05/30,6.95,7.42,7.89
2023/05/31,7.03,7.5,7.98
2023/06/01,7.03,7.5,7.98
2023/06/02,7.03,7.5,7.98
2023/06/03,7.03,7.5,7.98
2023/06/04,7.03,7.5,7.98
2023/06/05,7.03,7.5,7.98
2023/06/06,7.03,7.5,7.98
2023/06/07,7.03,7.5,7.98
2023/06/08,7.03,7.5,7.98
2023/06/09,7.03,7.5,7.98
2023/06/10,7.03,7.5,7.98
2023/06/11,7.03,7.5,7.98
2023/06/12,7.03,7.5,7.98
2023/06/13,7.03,7.5,7.98
2023/06/14,6.99,7.46,7.93
2023/06/15,6.99,7.46,7.93
2023/06/16,6.99,7.46,7.93
2023/06/17,6.99,7.46,7.93
2023/06/18,6.99,7.46,7.93
2023/06/19,6.99,7.46,7.93
2023/06/20,6.99,7.46,7.93
2023/06/21,6.99,7.46,7.93
2023/06/22,6.99,7.46,7.93
2023/06/23,6.99,7.46,7.93
2023/06/24,6.99,7.46,7.93
2023/06/25,6.99,7.46,7.93
2023/06/26,6.99,7.46,7.93
2023/06/27,6.99,7.46,7.93
2023/06/28,6.99,7.46,7.93
2023/06/29,7.04,7.51,7.99
2023/06/30,7.04,7.51,7.99
2023/07/01,7.04,7.51,7.99
2023/07/02,7.04,7.51,7.99
2023/07/03,7.04,7.51,7.99
2023/07/04,7.04,7.51,7.99
2023/07/05,7.04,7.51,7.99
2023/07/06,7.04,7.51,7.99
2023/07/07,7.04,7.51,7.99
2023/07/08,7.04,7.51,7.99
2023/07/09,7.04,7.51,7.99
2023/07/10,7.04,7.51,7.99
2023/07/11,7.04,7.51,7.99
2023/07/12,7.04,7.51,7.99
2023/07/13,7.15,7.63,8.12
2023/07/14,7.15,7.63,8.12
2023/07/15,7.15,7.63,8.12
2023/07/16,7.15,7.63,8.12
2023/07/17,7.15,7.63,8.12
2023/07/18,7.15,7.63,8.12
2023/07/19,7.15,7.63,8.12
2023/07/20,7.15,7.63,8.12
2023/07/21,7.15,7.63,8.12
2023/07/22,7.15,7.63,8.12
2023/07/23,7.15,7.63,8.12
2023/07/24,7.15,7.63,8.12
2023/07/25,7.15,7.63,8.12
2023/07/26,7.15,7.63,8.12
2023/07/27,7.36,7.85,8.35
2023/07/28,7.36,7.85,8.35
2023/07/29,7.36,7.85,8.35
2023/07/30,7.36,7.85,8.35
2023/07/31,7.36,7.85,8.35
2023/08/01,7.36,7.85,8.35
2023/08/02,7.36,7.85,8.35
2023/08/03,7.36,7.85,8.35
2023/08/04,7.36,7.85,8.35
2023/08/05,7.36,7.85,8.35
2023/08/06,7.36,7.85,8.35
2023/08/07,7.36,7.85,8.35
2023/08/08,7.36,7.85,8.35
2023/08/09,7.36,7.85,8.35
2023/08/10,7.54,8.05,8.56
2023/08/11,7.54,8.05,8.56
2023/08/12,7.54,8.05,8.56
2023/08/13,7.54,8.05,8.56
2023/08/14,7.54,8.05,8.56
2023/08/15,7.54,8.05,8.56
2023/08/16,7.54,8.05,8.56
2023/08/17,7.54,8.05,8.56
2023/08/18,7.54,8.05,8.56
2023/08/19,7.54,8.05,8.56
2023/08/20,7.54,8.05,8.56
2023/08/21,7.54,8.05,8.56
2023/08/22,7.54,8.05,8.56
2023/08/23,7.54,8.05,8.56
2023/08/24,7.58,8.09,8.6
2023/08/25,7.58,8.09,8.6
2023/08/26,7.58,8.09,8.6
2023/08/27,7.58,8.09,8.6
2023/08/28,7.58,8.09,8.6
2023/08/29,7.58,8.09,8.6
2023/08/30,7.58,8.09,8.6
2023/08/31,7.58,8.09,8.6
2023/09/01,7.58,8.09,8.6
2023/09/02,7.58,8.09,8.6
2023/09/03,7.58,8.09,8.6
2023/09/04,7.58,8.09,8.6
2023/09/05,7.58,8.09,8.6
2023/09/06,7.58,8.09,8.6
2023/09/07,7.58,8.09,8.6
2023/09/08,7.58,8.09,8.6
2023/09/09,7.58,8.09,8.6
2023/09/10,7.58,8.09,8.6
2023/09/11,7.58,8.09,8.6
2023/09/12,7.58,8.09,8.6
2023/09/13,7.58,8.09,8.6
2023/09/14,7.58,8.09,8.6
2023/09/15,7.58,8.09,8.6
2023/09/16,7.58,8.09,8.6
2023/09/17,7.58,8.09,8.6
2023/09/18,7.58,8.09,8.6
2023/09/19,7.58,8.09,8.6
2023/09/20,7.58,8.09,8.6
2023/09/21,7.87,8.4,8.93
2023/09/22,7.87,8.4,8.93
2023/09/23,7.87,8.4,8.93
2023/09/24,7.87,8.4,8.93
2023/09/25,7.87,8.4,8.93
2023/09/26,7.87,8.4,8.93
2023/09/27,7.87,8.4,8.93
2023/09/28,7.87,8.4,8.93
2023/09/29,7.87,8.4,8.93
2023/09/30,7.87,8.4,8.93
2023/10/01,7.87,8.4,8.93
2023/10/02,7.87,8.4,8.93
2023/10/03,7.87,8.4,8.93
2023/10/04,7.87,8.4,8.93
2023/10/05,7.87,8.4,8.93
2023/10/06,7.87,8.4,8.93
2023/10/07,7.87,8.4,8.93
2023/10/08,7.87,8.4,8.93
2023/10/09,7.87,8.4,8.93
2023/10/10,7.87,8.4,8.93
2023/10/11,7.81,8.33,8.86
2023/10/12,7.81,8.33,8.86
2023/10/13,7.81,8.33,8.86
2023/10/14,7.81,8.33,8.86
2023/10/15,7.81,8.33,8.86
2023/10/16,7.81,8.33,8.86
2023/10/17,7.81,8.33,8.86
2023/10/18,7.81,8.33,8.86
2023/10/19,7.81,8.33,8.86
2023/10/20,7.81,8.33,8.86
2023/10/21,7.81,8.33,8.86
2023/10/22,7.81,8.33,8.86
2023/10/23,7.81,8.33,8.86
2023/10/24,7.81,8.33,8.86
2023/10/25,7.75,8.27,8.8
2023/10/26,7.75,8.27,8.8
2023/10/27,7.75,8.27,8.8
2023/10/28,7.75,8.27,8.8
2023/10/29,7.75,8.27,8.8
2023/10/30,7.75,8.27,8.8
2023/10/31,7.75,8.27,8.8
2023/11/01,7.75,8.27,8.8
2023/11/02,7.75,8.27,8.8
2023/11/03,7.75,8.27,8.8
2023/11/04,7.75,8.27,8.8
2023/11/05,7.75,8.27,8.8
2023/11/06,7.75,8.27,8.8
2023/11/07,7.75,8.27,8.8
2023/11/08,7.65,8.16,8.68
2023/11/09,7.65,8.16,8.68
2023/11/10,7.65,8.16,8.68
2023/11/11,7.65,8.16,8.68
2023/11/12,7.65,8.16,8.68
2023/11/13,7.65,8.16,8.68
2023/11/14,7.65,8.16,8.68
2023/11/15,7.65,8.16,8.68
2023/11/16,7.65,8.16,8.68
2023/11/17,7.65,8.16,8.68
2023/11/18,7.65,8.16,8.68
2023/11/19,7.65,8.16,8.68
2023/11/20,7.65,8.16,8.68
2023/11/21,7.65,8.16,8.68
2023/11/22,7.39,7.89,8.39
